2023-01-15 10:41:52+00:00,"#Petition zur Verbesserung des #Deutschlandticket (#49EuroTicket) unterzeichnen:
Es soll 
- #digital und #analog (in Papierform),
- auch als flexibles #Monatsabo (mit einer G√ºltigkeit von nur 31 Tagen) und
- als #Erm√§√üigungstarif angeboten werden. 
https://t.co/3Fdet4phGm
#√ñPNV","[{'text': 'Petition', 'indices': [0, 9]}, {'text': 'Deutschlandticket', 'indices': [31, 49]}, {'text': '49EuroTicket', 'indices': [51, 64]}, {'text': 'digital', 'indices': [92, 100]}, {'text': 'analog', 'indices': [105, 112]}]",1614573576790630400
2023-01-15 10:26:42+00:00,"PS: Es geht um das #49EuroTicket und #Tempolimit (Begr√ºndung ist so seltsam, weil sie sonst als bereits diskutiert abgelehnt wird - ist mir leider auch ao gegen...)","[{'text': '49EuroTicket', 'indices': [19, 32]}, {'text': 'Tempolimit', 'indices': [37, 48]}]",1614569758036496385
2023-01-15 10:22:53+00:00,"@Elektro_Robin Populisten, die ein #9EuroTicket fordern, m√ºssen sich aber auch Frage gefallen lassen, wann die das letzte Mal im Berufsverkehr den #√ñPNV genutzt haben - oft in Gro√üst√§dten √ºberlastet und auf dem Land nur besserer Sch√ºlerverkehr. Busfahrer und Lokf√ºhrer werden dringend gesucht.","[{'text': '9EuroTicket', 'indices': [35, 47]}]",1614568798224535554
2023-01-15 09:02:21+00:00,"@Cerisella1 Jo
Sprach die #FickDenPlaneten Partei und verhindert
- #Tempolimit
- #Inlandsflugverbot
- #autokorrektur
- #9EuroTicket
usw","[{'text': 'FickDenPlaneten', 'indices': [26, 42]}, {'text': 'Tempolimit', 'indices': [67, 78]}, {'text': 'Inlandsflugverbot', 'indices': [81, 99]}, {'text': 'autokorrektur', 'indices': [102, 116]}, {'text': '9EuroTicket', 'indices': [119, 131]}]",1614548530005155842
2023-01-14 23:34:49+00:00,"@mikeltwi123 @sonnenauge1 Deswegen fordert #LetzteGeneration @AufstandLastGen #9euroticket und #Tempolimit?!

Egal, die Geschichte muss eing√§ngig und plausibel sein. Kleine Ziele setzen, sehr kleine Sachen kannst Du Kraft Deiner Wassersuppe anpassen.

10 Mio. w√§re ein #Quantensprung f√ºr uns. Lass dabei.üòâ","[{'text': 'LetzteGeneration', 'indices': [43, 60]}, {'text': '9euroticket', 'indices': [78, 90]}, {'text': 'Tempolimit', 'indices': [95, 106]}]",1614405705624162304
2023-01-14 23:33:17+00:00,"#Verkehrswende 
Das #49EuroTicket braucht dringende Verbesserungen, bitte zeichnet mit!
Mit der Petition wird gefordert, dass das 49-Euro-Ticket
- digital und analog
- auch als flexibles Monatsabo 
- als Erm√§√üigungstarif
angeboten werden soll.
#√ñPNV
https://t.co/fJk6RN1gqV","[{'text': 'Verkehrswende', 'indices': [0, 14]}, {'text': '49EuroTicket', 'indices': [20, 33]}]",1614405321077960704
2023-01-14 20:12:21+00:00,"@tuexss @heiseautos Mehr als #Symbolpolitik hat @Bettina_Jarasch nicht gemacht. Ihr ist U-Bahn zum Flughafen wichtiger als Verl√§ngerung in ihrem Wahlkreis in #Spandau bei #Berlin. Wer morgens nach seit Monaten ausged√ºnntem Fahrplan zur Arbeit kommen will, kann √ºber #9EuroTicket nur m√ºde l√§cheln https://t.co/YVJYPTrAhn","[{'text': 'Symbolpolitik', 'indices': [29, 43]}]",1614354753366130689
2023-01-15 10:41:52+00:00,"#Petition zur Verbesserung des #Deutschlandticket (#49EuroTicket) unterzeichnen:
Es soll 
- #digital und #analog (in Papierform),
- auch als flexibles #Monatsabo (mit einer G√ºltigkeit von nur 31 Tagen) und
- als #Erm√§√üigungstarif angeboten werden. 
https://t.co/3Fdet4phGm
#√ñPNV","[{'text': 'Petition', 'indices': [0, 9]}, {'text': 'Deutschlandticket', 'indices': [31, 49]}, {'text': '49EuroTicket', 'indices': [51, 64]}, {'text': 'digital', 'indices': [92, 100]}, {'text': 'analog', 'indices': [105, 112]}]",1614573576790630400
2023-01-15 10:26:42+00:00,"PS: Es geht um das #49EuroTicket und #Tempolimit (Begr√ºndung ist so seltsam, weil sie sonst als bereits diskutiert abgelehnt wird - ist mir leider auch ao gegen...)","[{'text': '49EuroTicket', 'indices': [19, 32]}, {'text': 'Tempolimit', 'indices': [37, 48]}]",1614569758036496385
2023-01-15 10:22:53+00:00,"@Elektro_Robin Populisten, die ein #9EuroTicket fordern, m√ºssen sich aber auch Frage gefallen lassen, wann die das letzte Mal im Berufsverkehr den #√ñPNV genutzt haben - oft in Gro√üst√§dten √ºberlastet und auf dem Land nur besserer Sch√ºlerverkehr. Busfahrer und Lokf√ºhrer werden dringend gesucht.","[{'text': '9EuroTicket', 'indices': [35, 47]}]",1614568798224535554
2023-01-15 09:02:21+00:00,"@Cerisella1 Jo
Sprach die #FickDenPlaneten Partei und verhindert
- #Tempolimit
- #Inlandsflugverbot
- #autokorrektur
- #9EuroTicket
usw","[{'text': 'FickDenPlaneten', 'indices': [26, 42]}, {'text': 'Tempolimit', 'indices': [67, 78]}, {'text': 'Inlandsflugverbot', 'indices': [81, 99]}, {'text': 'autokorrektur', 'indices': [102, 116]}, {'text': '9EuroTicket', 'indices': [119, 131]}]",1614548530005155842
2023-01-14 23:34:49+00:00,"@mikeltwi123 @sonnenauge1 Deswegen fordert #LetzteGeneration @AufstandLastGen #9euroticket und #Tempolimit?!

Egal, die Geschichte muss eing√§ngig und plausibel sein. Kleine Ziele setzen, sehr kleine Sachen kannst Du Kraft Deiner Wassersuppe anpassen.

10 Mio. w√§re ein #Quantensprung f√ºr uns. Lass dabei.üòâ","[{'text': 'LetzteGeneration', 'indices': [43, 60]}, {'text': '9euroticket', 'indices': [78, 90]}, {'text': 'Tempolimit', 'indices': [95, 106]}]",1614405705624162304
2023-01-14 23:33:17+00:00,"#Verkehrswende 
Das #49EuroTicket braucht dringende Verbesserungen, bitte zeichnet mit!
Mit der Petition wird gefordert, dass das 49-Euro-Ticket
- digital und analog
- auch als flexibles Monatsabo 
- als Erm√§√üigungstarif
angeboten werden soll.
#√ñPNV
https://t.co/fJk6RN1gqV","[{'text': 'Verkehrswende', 'indices': [0, 14]}, {'text': '49EuroTicket', 'indices': [20, 33]}]",1614405321077960704
2023-01-14 20:12:21+00:00,"@tuexss @heiseautos Mehr als #Symbolpolitik hat @Bettina_Jarasch nicht gemacht. Ihr ist U-Bahn zum Flughafen wichtiger als Verl√§ngerung in ihrem Wahlkreis in #Spandau bei #Berlin. Wer morgens nach seit Monaten ausged√ºnntem Fahrplan zur Arbeit kommen will, kann √ºber #9EuroTicket nur m√ºde l√§cheln https://t.co/YVJYPTrAhn","[{'text': 'Symbolpolitik', 'indices': [29, 43]}]",1614354753366130689
2023-01-14 17:05:57+00:00,Aber ansonsten sp√§testens im Juni...2023...24...25. Aber zur Wahl. NACH der Wahl. Hoch &amp; heilig. #49EuroTicket https://t.co/CY2WEfJ0BX,"[{'text': '49EuroTicket', 'indices': [101, 114]}]",1614307845155221504
2023-01-14 15:45:46+00:00,Sinnvolle #√ñPNV - Petition zum #49EuroTicket: Sich informieren und andere informieren: https://t.co/V4OrvfKxZj,"[{'text': '√ñPNV', 'indices': [10, 15]}, {'text': '49EuroTicket', 'indices': [31, 44]}]",1614287669034360838
2023-01-14 15:39:25+00:00,"Jahresziel 2023 üëâ Die Zerst√∂rung der mobilen Infrastruktur in Berlin üôå @BVG_Kampagne Weil wir es k√∂nnen! Oder anders gesagt: zahlst du billig, kriegst du billig #49euroticket https://t.co/bE8JsQEWl8",[],1614286070858002433
2023-01-14 15:20:05+00:00,"Tag 402 der Ampelregierung

Konsumnahe Strafverfahren: 199.512
Entgangene Steuergelder: 5.185.405.799‚Ç¨

Das sind umgerechnet:

6 Monate #9EuroTicket
5.185.405 Grundeinkommen √† 1.000‚Ç¨
52 Eurofighter
73.24% des BER

#LegalisierungJetzt

Mehr Infos unter https://t.co/92UmSpEU6z",[],1614281204852822017
2023-01-14 10:12:53+00:00,"Was man so erlebt, wenn man nach #Luetzerath zur #Luetzerathbleibt -Demo will: √ºberf√ºllte Z√ºge, als g√§be es das #9euroticket noch, statt direkt zu fahren, Fahrt √ºber Neuss und Ansagen, dass der Zug nur bis zur 139%-F√ºllung √ºberhaupt losf√§hrt. Sachen gibt's.","[{'text': 'Luetzerath', 'indices': [33, 44]}, {'text': 'Luetzerathbleibt', 'indices': [49, 66]}]",1614203894413795329
2023-01-14 09:38:10+00:00,"W√§hrend des #9euroticket waren die Z√ºge deutlich voller, trotzdem holt uns die @polizei_nrw_mg wieder aus dem Zug raus. Andernfalls d√ºrfen wir nicht weiter fahren. Doch das wird uns nicht daran hindern f√ºr #Luetzerathbleibt zu k√§mpfen!","[{'text': '9euroticket', 'indices': [12, 24]}]",1614195156269277184
2023-01-14 09:05:40+00:00,"@derspiegel #L√ºtzerath ist DER Kompromiss, demnach vier weitere D√∂rfer stehen bleiben d√ºrfen.

Mit einem #9EuroTicket ist kaum jemandem geholfen. Der #√ñPNV muss ausgebaut werden, da in Gro√üst√§dten oft gerade im Berufsverkehr √ºberlastet und auf den Land nur besserer Sch√ºlerverkehr. https://t.co/ZHgmSSzSMO","[{'text': 'L√ºtzerath', 'indices': [12, 22]}]",1614186978974773250
2023-01-14 07:53:47+00:00,@Luisamneubauer Mit #9EuroTicket ware das nicht passiert üòÇ,"[{'text': '9EuroTicket', 'indices': [20, 32]}]",1614168888526110720
2023-01-14 01:17:13+00:00,"Das Weltklima wird nicht dadurch gerettet, wenn die #KlimaRAF die Deutsche Bev√∂lkerung terrorisiert, damit am Ende das #9euroticket wieder eingef√ºhrt werden soll oder in #Luetzerath noch ein letzter kleiner Teil Kohle abgebagert wird, weil @Die_Gruenen lieber gegen Akw's sind.","[{'text': 'KlimaRAF', 'indices': [52, 61]}]",1614069090175406080
2023-01-13 20:50:19+00:00,Bestimmt von Leuten die sich f√ºr Linksterroristische Forderungen wie das #9EuroTicket und ein #Tempolimit auf die Stra√üe kleben oder vielleicht dieses eine kleine Dorf da in RWE.... √Ñh... NRW... Dings... #L√ºtzerath. https://t.co/ep0OqbwlMx,"[{'text': '9EuroTicket', 'indices': [73, 85]}, {'text': 'Tempolimit', 'indices': [94, 105]}]",1614001919650832384
2023-01-13 20:45:00+00:00,"Derzeit werden die letzten Fragen und Details zur Umsetzung des #49EuroTicket|s, auch #Deutschlandticket genannt, gekl√§rt. Geplant ist ein Start zum 1. April. Falls das nicht klappt, soll es laut Verkehrsminister #Wissing sp√§testens der 1. Mai werden. https://t.co/ifILWbSf32","[{'text': '49EuroTicket', 'indices': [64, 77]}, {'text': 'Deutschlandticket', 'indices': [86, 104]}]",1614000583416872960
2023-01-13 19:19:58+00:00,"#49EuroTicket ab 1. Januar, ab Fr√ºhjahr, ab 1. April, ab 1. Mai, ab . . .","[{'text': '49EuroTicket', 'indices': [0, 13]}]",1613979185793626114
2023-01-13 17:20:27+00:00,F√ºr das #9EuroTicket war kein Geld da. Wenige Wochen sp√§ter waren 10 Mrd. Euro f√ºr die #Aktienrente kein Problem? Die Regierung l√ºgt und niemanden interessiert es. Wo sind die kritischen Medien? Wo?,"[{'text': '9EuroTicket', 'indices': [8, 20]}, {'text': 'Aktienrente', 'indices': [87, 99]}]",1613949107583987712
2023-01-13 16:51:18+00:00,"Den Gr√ºnen gehen langsam die Grundprinzipen aus, die sie noch verraten k√∂nnen.

#Luetzerath #Atomkraft #Waffenlieferungen #49EuroTicket #9euroticket","[{'text': 'Luetzerath', 'indices': [80, 91]}, {'text': 'Atomkraft', 'indices': [92, 102]}]",1613941772551426061
2023-01-13 16:50:08+00:00,".. und es gibt St√§dte, die f√ºhren das 0‚Ç¨ Ticket einfach ein. Auch ohne #Wissing und #Lindner. Bravo und davon braucht es noch viele mehr! #9euroticket  https://t.co/UEX91Axwtn","[{'text': 'Wissing', 'indices': [71, 79]}, {'text': 'Lindner', 'indices': [84, 92]}]",1613941476001550342
2023-01-13 15:20:03+00:00,"Tag 401 der Ampelregierung

Konsumnahe Strafverfahren: 199.015
Entgangene Steuergelder: 5.172.483.428‚Ç¨

Das sind umgerechnet:

6 Monate #9EuroTicket
5.172.483 Grundeinkommen √† 1.000‚Ç¨
52 Eurofighter
73.06% des BER

#LegalisierungJetzt

Mehr Infos unter https://t.co/92UmSpEU6z",[],1613918805465374720
2023-01-13 14:32:30+00:00,Nach dem Willen der L√§nder soll das #49EuroTicket im April kommen. Doch viele Details sind noch zu kl√§ren. Laut Verkehrsminister Volker Wissing k√∂nnte sich der Start auf Mai verz√∂gern. https://t.co/z45akKhGY8,"[{'text': '49EuroTicket', 'indices': [36, 49]}]",1613906841636937729
2023-01-13 14:30:37+00:00,"@c_lindner Na, dann kann ja das #9euroticket kommen, ansonsten sollten Sie endlich zur√ºcktreten. #FDPunter5Prozent #FDPrausAusDenParlamenten #fdprausausderregierung #afdp","[{'text': '9euroticket', 'indices': [32, 44]}, {'text': 'FDPunter5Prozent', 'indices': [97, 114]}]",1613906365939867650
2023-01-13 14:15:06+00:00,Unterzeichnet bitte die Petition des @Bahnkunden-Verbands f√ºr eine vern√ºnftige Ausgestaltung des #49EuroTicket #Deutschlandticket ‚Äì https://t.co/k03io8mGIX,"[{'text': '49EuroTicket', 'indices': [97, 110]}]",1613902463027007493
2023-01-13 14:08:34+00:00,"Wisst Ihr noch, diese Idee vom deutschlandweit g√ºltigen #49EuroTicket? Sch√§m mich bisschen, dass ich ‚Äòne Weile echt dran geglaubt habe.","[{'text': '49EuroTicket', 'indices': [56, 69]}]",1613900819933368320
2023-01-13 13:58:10+00:00,"Noch mehr Soli f√ºr eine Fahrt nach #Luetzerath 
#9euroweiterfahren 
#9EuroTicket 
#9EuroFonds https://t.co/F5IDHaianV","[{'text': 'Luetzerath', 'indices': [35, 46]}, {'text': '9euroweiterfahren', 'indices': [48, 66]}, {'text': '9EuroTicket', 'indices': [68, 80]}, {'text': '9EuroFonds', 'indices': [82, 93]}]",1613898199449600001
2023-01-13 12:55:18+00:00,"Verkehrsminister Wissing fordert 49-Euro-Ticket sp√§testens ab 1. Mai

#Verkehrsminister #Wissing #49EuroTicket #Deutschlandticket #Bus #Bahn #Zug #Tram #√ñPNV #Nahverkehr #Regionalverkehr

https://t.co/ja715Ge8u2","[{'text': 'Verkehrsminister', 'indices': [70, 87]}, {'text': 'Wissing', 'indices': [88, 96]}, {'text': '49EuroTicket', 'indices': [97, 110]}]",1613882381793992704
2023-01-13 11:19:55+00:00,"Wegen der gro√üen Nachfrage ist der Text je gratis verf√ºgbar: So will #Hamburg|s Verkehrssenator @anjes_tjarks Unternehmen st√§rker am Ausbau des #√ñPNV in Deutschland beteiligen, so viel Geld zahlt HH f√ºr das #49EuroTicket &amp; diese Rabatte soll es geben: https://t.co/mvLpUbhRRP https://t.co/aN17XDt8Gx","[{'text': 'Hamburg', 'indices': [69, 77]}]",1613858377892782081
2023-01-13 10:18:06+00:00,"@wdwarncke L√§cherliche Aussage, was macht er? 
Mehr Autobahnen im gr√∂√üten Strassennetz, 
Kleingeld f√ºr Bahn und √ñPNV
kein #Tempolimit
#9euroticket auslaufen lassen, was ein Erfolg war
Sorry, der Mann passt in die Reihe der Versager in diesem Amt",[],1613842817515769857
2023-01-13 09:47:35+00:00,"Die #Verkehrwende w√§r' jetzt wirklich an der Zeit! Die Idee ist gut, doch die #FDP noch nicht bereit... 
#mdRzA #√∂pnv #autokorrektur #tempolimit #LetzteGeneration #Klimaterroristen #Klimakatastrophe #klimakrise #klimawandel #9euroticket #Verkehrspolitik","[{'text': 'Verkehrwende', 'indices': [4, 17]}, {'text': 'FDP', 'indices': [78, 82]}, {'text': 'mdRzA', 'indices': [105, 111]}]",1613835139477381120
2023-01-13 08:54:33+00:00,@lukas_scholle Sein W√§hlerklientel ben√∂tigt kein #9EuroTicket @c_lindner,"[{'text': '9EuroTicket', 'indices': [49, 61]}]",1613821794477305857
2023-01-13 07:39:13+00:00,"@Annonuemes @DB_Bahn @SBahnBerlin @BVG_Kampagne @BVG_Bus @SchienenNah @Omnibus_bdo @VCDeV @Bahnblogstelle @Schienenallianz Verstehe das Personal bei dieser Belastung sogar, wenn sie gestresst sind. Das waren 12 harte Monate letztes Jahr - insbesondere die Zeit des #9EuroTicket's.",[],1613802835409338368
2023-01-12 23:32:52+00:00,"@d3v1ls7h3r4p157 @FrHundKatzMaus @robilad @Q_Paxxx Wer von FlixBus hat eigentlich mit wem von der FDP geschlafen und somit das bundesweite 9 EuroTicket verhindert?

Wei√ü man da schon mehr? üßê

#9EuroTicket #9EuroTicketForever #Verkehrswende #SystemChange #EatTheRich",[],1613680441361399808
2023-01-12 19:39:35+00:00,"Bevor das #49EuroTicket eingef√ºhrt wird, erh√∂ht der Augsburger Verkehrs- und Tarifverbund erstmal das Monats-Abo von 104 ‚Ç¨ auf 114,50 ‚Ç¨ pro Monat.","[{'text': '49EuroTicket', 'indices': [10, 23]}]",1613621733747003394
2023-01-12 19:31:09+00:00,"@maischberger @Wissing @DasErste #49EuroTicket  ist ein guter Preis f√ºr diejenigen, die tagt√§glich mit den √∂ffentlichen fahren. jedoch nicht f√ºr diejenigen, die sporadisch fahren oder auf dem Land ohne S- oder U-Bahn Anschluss wohnen.","[{'text': '49EuroTicket', 'indices': [33, 46]}]",1613619611995459588
2023-01-12 18:29:30+00:00,@lukas_scholle Wozu? Das #9EuroTicket hat weder f√ºr weniger Autoverkehr noch weniger C02 gesorgt,"[{'text': '9EuroTicket', 'indices': [25, 37]}]",1613604096191111170
2023-01-12 17:58:28+00:00,"@iamfromaustria4 @pwilhelmer ‚ÄúKlimaticket‚Äú was soll das bitte sein?

Das #9EuroTicket im letzten Jahr war gedacht als finanzielle Entlastung der B√ºrger.
Es sollte und hat auch nichts mit Klima zu tun.
Eher im Gegenteil: Leute, die es sich sonst nicht leisten konnten, sind mal mit der Bahn gefahren.
#Sylt","[{'text': '9EuroTicket', 'indices': [73, 85]}]",1613596287823126529
2023-01-12 17:36:31+00:00,"Ich bin gespannt, man spricht bereits von einem #Deutschlandticket statt einem #49EuroTicket. Wird es schon 2024 √ºber sechzig und vor 2030 √ºber hundert Euro im Monat kosten? https://t.co/4XRVnO6Trs","[{'text': 'Deutschlandticket', 'indices': [48, 66]}, {'text': '49EuroTicket', 'indices': [79, 92]}]",1613590762087747593
2023-01-12 15:20:03+00:00,"Tag 400 der Ampelregierung

Konsumnahe Strafverfahren: 198.508
Entgangene Steuergelder: 5.159.298.411‚Ç¨

Das sind umgerechnet:

6 Monate #9EuroTicket
5.159.298 Grundeinkommen √† 1.000‚Ç¨
52 Eurofighter
72.87% des BER

#LegalisierungJetzt

Mehr Infos unter https://t.co/92UmSpEU6z",[],1613556419768340482
2023-01-12 14:55:54+00:00,"@GrueneBundestag @katdro Wo bleibt die Forderung nach #Tempolimit und #9EuroTicket ?
Das ist doch langsam peinlich.","[{'text': 'Tempolimit', 'indices': [54, 65]}, {'text': '9EuroTicket', 'indices': [70, 82]}]",1613550342691606534
2023-01-12 12:55:38+00:00,"Interessanter Aspekt, dass das kommende 49-Euro-Ticket offiziell #Deutschlandticket genannt wird und somit in der Zukunft Preissteigerungen m√∂glich sind. Das w√§re bei der Namensgebung #49EuroTicket nat√ºrlich nicht zu vermitteln. #Maischberger","[{'text': 'Deutschlandticket', 'indices': [65, 83]}]",1613520073876176903
2023-01-12 12:45:22+00:00,@Soren_Meyer14 Ja das stimmt. Das #9EuroTicket war ein Traum. Aber das #49EuroTicket/#Deutschlandticket ist ein erster Schritt in die richtige Richtung. Klar ist: Mehr Geld in den √ñPNV und Zugverkehr.,"[{'text': '9EuroTicket', 'indices': [34, 46]}, {'text': '49EuroTicket', 'indices': [71, 84]}, {'text': 'Deutschlandticket', 'indices': [85, 103]}]",1613517494127296512
2023-01-12 12:40:14+00:00,"Das 49‚Ç¨ Ticket ist super. Es ist unkompliziert, billiger und bringt frischen Wind in den √ñPNV. Aber wie nennt ihr das Ticket? #49EuroTicket oder #Deutschlandticket?",[],1613516198972649472
2023-01-12 12:29:53+00:00,@BoningWigald @AufstandLastGen @parents4future @aktion_autofrei @Sand_imGetriebe @EG_Berlin @FFF_Berlin @SciRebFr @Wissing @VCDeV @Attacd @350Deutschland Dein bachgwf√ºhl l√§sst sich nicht belegen wir haben eine mehrheit f√ºr die ziele der letzten generation  #tempolimit #9EuroTicket,[],1613513595014234114
2023-01-12 11:53:33+00:00,"Ein #29EuroTicket macht noch keinen guten √ñPNV.
Ein 29-Euro-Ticket macht noch keinen guten √ñPNV.
Ein 29-Euro-Ticket, das im M√§rz endet, macht noch keinen guten √ñPNV.
Ein #49EuroTicket auch nicht. https://t.co/4Iw8DRZZcS","[{'text': '29EuroTicket', 'indices': [4, 17]}]",1613504451829972997
2023-01-12 11:24:52+00:00,"Willkommen in 2023. Das #9EuroTicket wurde abgeschafft, nach Sylt fliegt man inzwischen eh mit dem #Privatjet.

https://t.co/3zvFyMp0KY","[{'text': '9EuroTicket', 'indices': [24, 36]}, {'text': 'Privatjet', 'indices': [99, 109]}]",1613497232136757252
2023-01-12 10:11:27+00:00,"Online-Petition im #Bundestag zum #49EuroTicket. Inhalt:
a) auch als Papierausdruck,
b) als Monatsabo + 
c) mit einem Erm√§√üigungstarif
angeboten werden soll

 #Servicetweet #Autokorrektur #√ñPNV #Bahn #Bus #Verkehrswende‚Äã

https://t.co/N4BkAZQ7BC","[{'text': 'Bundestag', 'indices': [19, 29]}, {'text': '49EuroTicket', 'indices': [34, 47]}]",1613478755737174017
2023-01-12 08:45:00+00:00,"G√ºnstiger Nahverkehr f√ºr junge Saarl√§nder - Land gibt Geld, das Deutschlandticket f√ºr junge Leute im Bundesland wird nur 365 Euro im Jahr kosten https://t.co/1op3gUnpZp #energieverdichter #stadtwerke #oepnv #9euroticket @ZfK_de https://t.co/yPlUdoHFCx",[],1613457000800686083
2023-01-12 08:22:47+00:00,"@schneider_chris @DaRaginga @leseerlaubnis @TiloJung @realTobser Selbst wenn man wollte steht in 12 Jahren kein einziges neues AKW - das ist KEINE L√∂sung
Wir kommen ums #EnergieSparen nicht herum #Tempolimit #9EuroTicket ... https://t.co/jtautB0DxR",[],1613451410405720064
2023-01-12 06:25:07+00:00,"Was sind denn #Gruene anderes, als in ihrem eigenem Klassenkampf Versetzungsgef√§hrdete? Die Gratiswelt ist nicht antikapitalistisch, sondern hochgradig kapitalistisch. Sie wollen das #9EuroTicket, aber keine Busfahrer, oder Lokf√ºhrer werden, die davon einen Lohn erhalten m√ºssen.","[{'text': 'Gruene', 'indices': [14, 21]}]",1613421799156453376
2023-01-12 05:16:39+00:00,"@NurderK @Wissing Ich frage mich die ganze Zeit, wer die Zielgruppe des 49‚Ç¨-Ticket sein soll. F√ºr das #9EuroTicket k√∂nnte ich eine sch√∂ne Zielgruppenliste aufsetzen.","[{'text': '9EuroTicket', 'indices': [102, 114]}]",1613404570801111041
2023-01-12 05:13:13+00:00,"@maischberger @Wissing @DasErste ‚ÄûDas #49EuroTicket kommt in diesem Fr√ºhjahr‚Äú, erkl√§rt Bundesverkehrsminister Volker @Wissing. ‚Äû49 Euro ist ein stolzer-Preis ‚Äì wir werden im Ausland daf√ºr bel√§chelt.‚Äú

#maischberger #√ñPNV @DasErste","[{'text': '49EuroTicket', 'indices': [38, 51]}]",1613403703876231169
2023-01-11 23:34:29+00:00,@NurderK @Wissing Maximale Unattraktivit√§t ohne Zukunftsf√§higkeit. Ich hols mir trotzdem. #49euroticket,"[{'text': '49euroticket', 'indices': [90, 103]}]",1613318461849219072
2023-01-11 22:59:24+00:00,"Das #Deutschlandticket kommt und es hat gegen√ºber dem #49EuroTicket den Vorteil dass der Preis erh√∂ht werden kann und der Name bleibt.

Via @NurderK https://t.co/gf7ilgJDrZ","[{'text': 'Deutschlandticket', 'indices': [4, 22]}, {'text': '49EuroTicket', 'indices': [54, 67]}]",1613309632172429313
2023-01-11 22:46:29+00:00,"@maischberger @Wissing @fdp @DasErste hier hat #wissing wohl die jungen Liberalen aktiviert,
Nichts was der #Autominister da von sich gibt, hat Sinn. Ausnahme das #49EuroTicket, aber auch das h√§tte man besser machen k√∂nnen","[{'text': 'wissing', 'indices': [47, 55]}]",1613306381997572101
2023-01-11 22:33:52+00:00,"#Wissing lobt sich f√ºr ein #9euroticket, welches vielleicht f√ºr 49 Euro ab April(?) erh√§ltlich ist und vermutlich viel weniger erfolgreich sein wird... 

#Maischberger","[{'text': 'Wissing', 'indices': [0, 8]}, {'text': '9euroticket', 'indices': [27, 39]}]",1613303205441728512
2023-01-11 22:33:52+00:00,"Ey #Wissing - ein #49EuroTicket ist keine gro√üe Ma√ünahme. W√ºrdest du gro√ü denken, h√§tten wir immernoch das #9euroticket, eine Ausbildungsoffensive bei der Deutschen Bahn und massiven Ausbau des Schienenverkehrs.
#Maischberger #rafdp","[{'text': 'Wissing', 'indices': [3, 11]}, {'text': '49EuroTicket', 'indices': [18, 31]}]",1613303203470221313
2023-01-11 22:25:35+00:00,"""Wir nennen das #Deutschlandticket weil man deutschlandweit damit fahren kann"" sagt @wissing bei #maischberger . Die will wissen, warum es keinen Betrag wie #9euroticket im Namen hat - klar, weil es jedes Jahr teurer werden darf.... https://t.co/T4rs6hWxGa","[{'text': 'Deutschlandticket', 'indices': [16, 34]}, {'text': 'maischberger', 'indices': [97, 110]}]",1613301121426100225
2023-01-11 22:24:32+00:00,"Ein #49EuroTicket hat keine Relevanz f√ºr ben√∂tigten Distanzen. Zu teuer!

#Wissing hat nun widerholt nachgewiesen nichts zu k√∂nnen oder verantwortlich zu sein. 

Inkompetenz in persona. Ein Totalausfall. Schleimspur. Volksverdummung. Kann weg.

@Wissing https://t.co/PLp0QhJPjG","[{'text': '49EuroTicket', 'indices': [4, 17]}, {'text': 'Wissing', 'indices': [74, 82]}]",1613300856471814145
2023-01-11 22:22:24+00:00,"Ihr k√∂nnt mir hier erz√§hlen was ihr wollt, aber der Nachfolger des #9euroticket wird ein Reinfall.
#Deutschlandticket #Maischberger @Wissing https://t.co/uql89Gkg8k","[{'text': '9euroticket', 'indices': [67, 79]}]",1613300320591052819
2023-01-11 22:22:14+00:00,"Wie lange wird das von #Wissing auf den Namen  #Deutschlandticket getaufte #49Euroticket ""nur"" 49 ‚Ç¨ kosten?

#Maischberger","[{'text': 'Wissing', 'indices': [23, 31]}, {'text': 'Deutschlandticket', 'indices': [47, 65]}, {'text': '49Euroticket', 'indices': [75, 88]}, {'text': 'Maischberger', 'indices': [109, 122]}]",1613300278522155008
2023-01-11 22:19:22+00:00,"Herr @Wissing die Menschen haben das #9euroticket geliebt, und nicht die @fdp! üòâ #Maischberger","[{'text': '9euroticket', 'indices': [37, 49]}, {'text': 'Maischberger', 'indices': [81, 94]}]",1613299554530508803
2023-01-11 22:18:33+00:00,"‚ÄûDas #49EuroTicket kommt in diesem Fr√ºhjahr‚Äú, erkl√§rt Bundesverkehrsminister Volker @Wissing. ‚Äû49 Euro ist ein Super-Preis ‚Äì wir werden im Ausland daf√ºr beneidet.‚Äú

#maischberger #√ñPNV @DasErste https://t.co/YKP1uFLYqS","[{'text': '49EuroTicket', 'indices': [5, 18]}]",1613299351421616132
2023-01-11 20:13:26+00:00,"Ich habe heute wieder mein  7,5833333333 EUR Ticket beantragt. Ich finde das solltet ihr wissen. Gute Nacht. ü•± #9euroticket https://t.co/gIfWgjDqbK",[],1613267863959117844
2023-01-11 20:09:31+00:00,"@Der_KaiErik @Storch_i @GrueneBundestag @Wissing @BIDeutschland @BriHasselmann @katdro @_LarsPetersen Irgendwas zwischen ""gro√üer Erfolg"" und ""zumindest ein Anfang"" ist doch auch schon was, oder? #49EuroTicket",[],1613266879614980096
2023-01-11 20:05:48+00:00,"Ist der im #49EuroTicket inklusive, @HelmertStefan? https://t.co/97BRvtEcJu","[{'text': '49EuroTicket', 'indices': [11, 24]}]",1613265943576059932
2023-01-11 19:47:57+00:00,"Das #49EuroTicket ist erst der Anfang: #Hamburg|s Verkehrssenator Tjarks will, dass Unternehmen den Ausbau des √∂ffentlichen Nahverkehrs in Zukunft mitfinanzieren und hat auch schon eine konkrete Summe im Kopf: https://t.co/mvLpUbhRRP #hvv #verkehrswende #bahn #nahverkehr https://t.co/zkm9yhj1V6","[{'text': '49EuroTicket', 'indices': [4, 17]}, {'text': 'Hamburg', 'indices': [39, 47]}]",1613261451128348687
2023-01-11 19:40:09+00:00,"@Der_KaiErik @GrueneBundestag @Wissing @BIDeutschland @BriHasselmann @katdro @_LarsPetersen @Chrissy_Rebhuhn Das denke ich nicht. Das #9EuroTicket war ein gro√üer Erfolg, das #49EuroTicket wird es auch sein.",[],1613259488605409280
2023-01-11 18:26:04+00:00,"Also zahlen am Ende alle 29‚Ç¨ f√ºr das #49EuroTicket. Arbeitslose und Arbeiter. 

N√§chstes Jahr m√ºssen dann die Preise verdoppelt oder f√ºr Arbeiter verdreifacht werden. @HelmertStefan Best Think Tanks. https://t.co/MNNmB80Gbp","[{'text': '49EuroTicket', 'indices': [37, 50]}]",1613240843380424704
2023-01-11 16:56:42+00:00,@TylerBlum16 @GrueneBundestag @cem_oezdemir @MarcoBuschmann @katdro @BriHasselmann @julia_verlinden @RenateKuenast Wie das #9EuroTicket ein Geschenk an verwahrloste gr√ºne W√§hlerklientel.,[],1613218353598066689
2023-01-11 16:03:54+00:00,"@Etrosplanetos Wir sollten niemanden verurteilen, der f√ºr sein Handeln nicht verantwortlich gemacht werden kann!! Schuld tragen diejenigen, die sich bis heute dem #9EuroTicket verweigern!!
#TeamWissenschaft https://t.co/IP2Yk8j8Wj",[],1613205066478919680
2023-01-11 15:53:08+00:00,#Hamburg|s Verkehrssenator @anjes_tjarks will ein bundesweites #Jobticket mit mind. 20‚Ç¨ Arbeitgeber-Zuschuss. Damit soll der Ausbau des #√ñPNV in Deutschland bezahlt werden. Er sieht darin gro√ües Potential: https://t.co/mvLpUbhRRP #hvv #verkehrswende #49EuroTicket https://t.co/LmwrIefayF,"[{'text': 'Hamburg', 'indices': [0, 8]}, {'text': 'Jobticket', 'indices': [63, 73]}]",1613202359156342784
2023-01-11 15:20:04+00:00,"Tag 399 der Ampelregierung

Konsumnahe Strafverfahren: 198.014
Entgangene Steuergelder: 5.146.461.030‚Ç¨

Das sind umgerechnet:

6 Monate #9EuroTicket
5.146.461 Grundeinkommen √† 1.000‚Ç¨
52 Eurofighter
72.69% des BER

#LegalisierungJetzt

Mehr Infos unter https://t.co/92UmSpEU6z",[],1613194035312693251
2023-01-11 12:55:29+00:00,"Good News zum #HVV-Jobticket: Mit Einf√ºhrung des #49EuroTicket werden alle Tickets auf max. 49‚Ç¨ gesenkt und darauf kommt der volle Arbeitgeberzuschuss. Wer so eine Karte hat, zahlt also nur ca. 34‚Ç¨ f√ºr die Deutschland-Flat. Details hier: https://t.co/mvLpUbhRRP #hamburg #bahn https://t.co/KS9zsqB2jG","[{'text': 'HVV', 'indices': [14, 18]}, {'text': '49EuroTicket', 'indices': [49, 62]}]",1613157651356999681
2023-01-11 12:54:11+00:00,"@AlexWin18941340 @GerRealfluencer @smalot @BILD Was ist an der Politik der @Die_Gruenen  verkorkst?

#gasspeicher voll, beigetragen zu #UkraineWillWin , #9EuroTicket  eingef√ºhrt, #spritpreise gesenkt #energiepauschale ausgezahlt und #strompreisbremse kommt. #dankeAmpel","[{'text': 'gasspeicher', 'indices': [101, 113]}]",1613157321386901504
2023-01-11 10:04:48+00:00,"In Luxemburg ist d √ñPNV f√ºr alle Fahrg√§ste kostenfrei. Die Busse u Bahnen sind sauber, man bekommt einen Platz und sind p√ºnktlich. In üá©üá™ war das #9euroticket zwar nett gemeint, aber in der Ausf√ºhrung katastrophal: komplett √ºberf√ºllt, unzuverl√§ssig. Warum schafft das üá©üá™ nicht? https://t.co/yOwmNJiXwQ",[],1613114694339788800
2023-01-11 09:56:58+00:00,"Sozialverband will 29-Euro-Ticket f√ºr Menschen mit geringerem Einkommen

#Sozialverband #29EuroTicket #Deutschlandticket #49EuroTicket #Bus #Bahn #Zug #Tram #√ñPNV #Nahverkehr #Mobilit√§tswende

https://t.co/FwaOqS4rnK","[{'text': 'Sozialverband', 'indices': [73, 87]}, {'text': '29EuroTicket', 'indices': [88, 101]}]",1613112726368276481
2023-01-11 09:42:34+00:00,"25km Strecke.
Einmal Hin- und Zur√ºck: 12,50 ‚Ç¨.

Ein #9euroticket w√§re dringend n√∂tig!","[{'text': '9euroticket', 'indices': [52, 64]}]",1613109103261372417
2023-01-11 09:34:48+00:00,240 Mio. Euro zahlt die Stadt #Hamburg f√ºr das #49EuroTicket. Viel Geld. Verkehrssenator Tjarks will deswegen k√ºnftig Unternehmen am Ausbau des √ñPNV in Deutschland beteiligen und hat schon eine konkrete Summe im Kopf. https://t.co/mvLpUbhRRP #hvv #bahn https://t.co/8kFHCcOjtz,"[{'text': 'Hamburg', 'indices': [30, 38]}, {'text': '49EuroTicket', 'indices': [47, 60]}]",1613107147868348417
2023-01-11 09:30:11+00:00,"Heute w√§re ein guter Tag das #9euroticket wieder einzuf√ºhren 
ü´íüçäüåøüçãü´íüçäüåøüçãü´íüçäüåøüçãüåøü´íüçäüåøü´íüçãüåøü´íüçäüåøüçäü´í
#LetzteGeneration
#FridaysForFuture","[{'text': '9euroticket', 'indices': [29, 41]}, {'text': 'LetzteGeneration', 'indices': [87, 104]}, {'text': 'FridaysForFuture', 'indices': [105, 122]}]",1613105985656086528
2023-01-11 06:20:00+00:00,"Das #49EuroTicket ist erst der Anfang: #Hamburg|s Verkehrssenator @anjes_tjarks will, dass Unternehmen den Ausbau des √∂ffentlichen Nahverkehrs in Zukunft mitfinanzieren und hat auch schon eine konkrete Summe im Kopf. https://t.co/z35lqFi3ed #hvv #bahn #deutschlandticket https://t.co/2uvNvKvdeT","[{'text': '49EuroTicket', 'indices': [4, 17]}, {'text': 'Hamburg', 'indices': [39, 47]}]",1613058122351890432
2023-01-11 06:06:17+00:00,"@ZDFheute Deutschland als ein Hauptverursacher der Klimakrise muss hier f√ºr die Sch√§den aufkommen! Zumal es wissenschaftlicher Konsens ist, dass es diese Katastrophen nicht gegeben h√§tte, w√§re das #9euroticket l√§ngst eingef√ºhrt!!
#LetzteGeneration 
#FridaysForFuture",[],1613054671337168902
2023-01-11 01:44:57+00:00,@janfleischhauer ... und ohne #9euroticket steigt n√§chstes Jahr der Meeresspiegel um 70 Meter!,"[{'text': '9euroticket', 'indices': [30, 42]}]",1612988905946583040
2023-01-10 23:24:13+00:00,"Erfolgsprojekt 9-Euro-Ticket: DVB mit Rekorden im vergangenen Sommer

#Dresden #DVB #Rekord #9EuroTicket #Fahrgastzahlen #Stadtbahn #Bus #√ñPNV

https://t.co/FRjTZUPedG","[{'text': 'Dresden', 'indices': [70, 78]}, {'text': 'DVB', 'indices': [79, 83]}, {'text': 'Rekord', 'indices': [84, 91]}, {'text': '9EuroTicket', 'indices': [92, 104]}]",1612953490246041601
2023-01-10 22:49:19+00:00,"@derLampenputzer @falkoloeffler Wenn es das wenigstens im Bundesland oder im n√§chsten √ñPNV g√§be üò¢
#9EuroTicket lokal w√ºrde ich jeden Monat kaufen.

Das rentiert sich auch f√ºr die meisten Pendler mehr als f√ºr 49‚Ç¨ auch ins n√§chste Bundesland zu kommen.","[{'text': '9EuroTicket', 'indices': [98, 110]}]",1612944704965939200
2023-01-10 21:06:11+00:00,"Wenn die BReg wirklich an der Bek√§mpfung der Klimakrise interessiert w√§re, h√§tte sie das #9euroticket nicht abgeschafft. Aber hey klar man kann nicht erwarten, dass ein #Anwaltf√ºrAutofahrer die massive Probleme des √∂ffentlichen Verkehrsmittel erkennt. 
#Herzensprojekt #Wissing","[{'text': '9euroticket', 'indices': [89, 101]}]",1612918751917400065
2023-01-10 20:58:02+00:00,"Nat√ºrlich verarschen die #Politiker und die #Bahn-Vorst√§nde die #Kunden, die #B√ºrger... Nach dem Beschwichtigungs-#9euroticket sollte das #49EuroTicket kommen. Dann wurde es in #DeutschlandTicket umgetauft... Logisch, dass es stets teurer werden wird.

üîó https://t.co/wikSvFbGlF","[{'text': 'Politiker', 'indices': [25, 35]}, {'text': 'Bahn', 'indices': [44, 49]}, {'text': 'Kunden', 'indices': [64, 71]}, {'text': 'B√ºrger', 'indices': [77, 84]}]",1612916701829406756
2023-01-10 20:26:19+00:00,"Mit anderen Worten, wegen der EU soll das #49EuroTicket noch 2 Monate l√§nger als 1.2. warten? Geil. @HelmertStefan https://t.co/Cw8LwyMAW5","[{'text': '49EuroTicket', 'indices': [42, 55]}]",1612908719645560833
2023-01-10 20:19:35+00:00,"@JanSchipmann @_david_tweet_ @PaulWeinzierl Da die Verkehrssenatorin gr√ºn ist, gehe ich davon aus, dass die Finanzierung des 365 Tage Tickets vor der Beteiligung des Bundes (also vor dem #9EuroTicket) nicht seri√∂s war und daher keinen Plat im Berliner Koa.vertrag hatte?",[],1612907022407589890
2023-01-10 19:09:38+00:00,"#Berlin w√ºrde sogar einen √ºberf√ºhrten Vergewaltiger zum B√ºrgermeister w√§hlen!

Wann wird der Stadt der Geldhahn zugedreht? #9EuroTicket - Kinderg√§rten for free als Dankesch√∂n f√ºr W√§hlerstimmen bezahlt durch den Rest der Republik!","[{'text': 'Berlin', 'indices': [0, 7]}]",1612889420985954304
2023-01-10 18:33:41+00:00,"Saarland macht Deutschland-Ticket f√ºr junge Leute noch preiswerter

#Saarland #Ticket #JungeLeuteTicket #49EuroTicket #Deutschlandticket #Bus #Bahn #Zug #Tram #√ñPNV #Nahverkehr

https://t.co/Cn4Dixv2jA","[{'text': 'Saarland', 'indices': [68, 77]}, {'text': 'Ticket', 'indices': [78, 85]}, {'text': 'JungeLeuteTicket', 'indices': [86, 103]}]",1612880375096967168
2023-01-10 18:28:27+00:00,@micLIBERAL @dieLinke @SWagenknecht Selbst mit #SingularityForAll nicht. Eher #Buergergeld +Sachleistungen #49EuroTicket #GEZ &amp; Co.,"[{'text': 'SingularityForAll', 'indices': [47, 65]}, {'text': 'Buergergeld', 'indices': [78, 90]}, {'text': '49EuroTicket', 'indices': [107, 120]}, {'text': 'GEZ', 'indices': [121, 125]}]",1612879057255006209
2023-01-10 17:53:19+00:00,"3) #49EuroTicket pro Monat? Nein, 365 Euro im Jahr. Das soll zumindest f√ºr junge Leute im Saarland gelten. Hier mehr:
https://t.co/pII2Y3igQR","[{'text': '49EuroTicket', 'indices': [3, 16]}]",1612870215162859528
2023-01-10 17:27:34+00:00,"Da hilft mir kein #9euroticket
Ich w√ºrde gerne umsteigen.
Fahre bis zu 30-45 Min 2 x am Tag.
Mit der BSAG 1,5 Std pro Fahrweg.
Und jetzt kommt: √úBERRASCHUNG - KEIN PERSONAL
KRANKENSTAND ZU HOCH.

Was hilft mir dann als Pendler ein 9‚Ç¨ Ticket? https://t.co/vJq8qltsc1","[{'text': '9euroticket', 'indices': [18, 30]}]",1612863735785312257
2023-01-10 16:58:39+00:00,"@JanSchipmann @_david_tweet_ @PaulWeinzierl Es macht doch schon einen Unterschied, ob ich sage, ich m√∂chte ""g√ºnstige Tickets sichern"" oder #29EuroTicket als Folge des #9EuroTicket|s plakatiere. https://t.co/kG7jbkaiYc",[],1612856456545697793
2023-01-10 15:20:04+00:00,"Tag 398 der Ampelregierung

Konsumnahe Strafverfahren: 197.493
Entgangene Steuergelder: 5.132.906.826‚Ç¨

Das sind umgerechnet:

6 Monate #9EuroTicket
5.132.906 Grundeinkommen √† 1.000‚Ç¨
52 Eurofighter
72.5% des BER

#LegalisierungJetzt

Mehr Infos unter https://t.co/92UmSpEU6z",[],1612831649347129345
2023-01-10 15:13:18+00:00,@janfleischhauer ...aber auch nur wenn gleichzeitig das #9EuroTicket kommt!,"[{'text': '9EuroTicket', 'indices': [56, 68]}]",1612829944840704000
2023-01-10 11:45:40+00:00,"Man stelle sich vor
50 Leute, die im teuren Auto im Stau stehen, w√ºrden stattdessen f√ºr 9 ‚Ç¨ mtl im Bus sitzen und z√ºgig voran kommen
W√§re m√∂glich, wenn der √ñPNV ausgebaut, das erfolgreiche #9euroticket eingef√ºhrt und die Leute ihre Autos abschaffen w√ºrden
https://t.co/hbG2pB9Qcs",[],1612777694307188736
2023-01-10 11:43:18+00:00,"Wenn die, welche #9EuroTicket und #Tempolimit wollen #Klimaterroristen sind, was sind dann die die es nicht wollen?","[{'text': '9EuroTicket', 'indices': [17, 29]}, {'text': 'Tempolimit', 'indices': [34, 45]}, {'text': 'Klimaterroristen', 'indices': [53, 70]}]",1612777096589230080
2023-01-10 10:20:02+00:00,"Hey #muenchen,
Kommt am Samstag Abend zur Rally! Solidarisch f√ºr h√∂here L√∂hne, #9EuroTicket, Abgaben f√ºr Krisen Gewinner, #Mietenstopp und Verteilungsgerechtigkeit! 

@wirsagengenug @armutsbetroffen @DGB_Muc @VerdiMuenchen @GewerkschaftNGG https://t.co/hsIEu0WhpR","[{'text': 'muenchen', 'indices': [4, 13]}, {'text': '9EuroTicket', 'indices': [79, 91]}]",1612756143482503172
2023-01-10 08:43:02+00:00,"@Springboek1 @MartinSonneborn Ich f√ºhle mich tats√§chlich gut vertreten durch #DiePartei durch Transparenz -&gt; siehe #BerrichtAusBruessel, siehe -&gt; #Berlinwahl, -&gt; siehe Aufwendung der Mittel #9euroticket. Nun seien Sie mal nicht so Vorurteilsbehaftet und lassen sich nicht durch Plakatwerbung ablenken. Taten!","[{'text': 'DiePartei', 'indices': [77, 87]}]",1612731733144641538
2023-01-10 08:42:20+00:00,"DB-Regio-Chefin: Keine Stolpersteine mehr f√ºr 49-Euro-Ticket

#DBRegio #49EuroTicket #Deutschlandticket #Bus #Bahn #Zug #Tram #√ñPNV #Nahverkehr #DeutscheBahn

https://t.co/IHJyvf9nUN","[{'text': 'DBRegio', 'indices': [62, 70]}, {'text': '49EuroTicket', 'indices': [71, 84]}, {'text': 'Deutschlandticket', 'indices': [85, 103]}, {'text': 'Bus', 'indices': [104, 108]}, {'text': 'Bahn', 'indices': [109, 114]}]",1612731556082192386
2023-01-10 08:04:30+00:00,"DB-Regio-Chefin sieht #49EuroTicket startklar

Das neue #Deutschlandticket sorge daf√ºr, dass der √ñffentliche Personennahverkehr #√ñPNV einfacher werde. ""Damit beseitigen wir einen Wettbewerbsvorteil des Autos""
https://t.co/sl8Mzs9NTI https://t.co/6GMvVrVzH4","[{'text': '49EuroTicket', 'indices': [22, 35]}, {'text': 'Deutschlandticket', 'indices': [56, 74]}]",1612722033170825216
2023-01-10 07:47:42+00:00,"na dann, zack zack, da w√§re der 1.2.2023 locker schaffbar #49EuroTicket #Deutschlandticket #9EuroTicket https://t.co/BJlrDhUfE9","[{'text': '49EuroTicket', 'indices': [58, 71]}, {'text': 'Deutschlandticket', 'indices': [72, 90]}, {'text': '9EuroTicket', 'indices': [91, 103]}]",1612717806327599104
2023-01-10 07:45:11+00:00,"@hubertus_knabe @UReitz Wei√ü man schon, ob der geplante Anschlag nicht nur ein Hilfeschrei des Schutzbed√ºrftigen war? Oder ein Zeichen #F√ºrAlle gegen den fossilen Wahnsinn und f√ºr das #9EuroTicket? Integration ist keine Einbahnstra√üe! Wir als Gesellschaft m√ºssen uns fragen, was wir falsch gemacht haben.",[],1612717174354755587
2023-01-10 07:32:25+00:00,@MartinHuberCSU @Markus_Soeder erstmal im eigenen Land kehren bevor man billigen plumpen Wahlkampf betreibt! Wie sieht es √ºberhaupt mit der Einf√ºhrung des #49EuroTicket aus? Wir B√ºrger geben aktuell zuviel f√ºr Tickets aus! Einf√ºhrung zum 1.2.2023?,[],1612713960444252160
2023-01-10 07:30:16+00:00,@Markus_Soeder erstmal im eigenen Land kehren bevor man billigen plumpen Wahlkampf betreibt! Wie sieht es √ºberhaupt mit der Einf√ºhrung des #49EuroTicket aus? DAS SOLLTE PRIORIT√ÑT HABEN! Einf√ºhrung zum 1.2.2023?,[],1612713418829463553
2023-01-10 06:35:08+00:00,"Ob das #49Euroticket kommt, ist ungewiss. Aus der Branche h√∂rt man nix Gutes. Und sehr oft f√§llt dabei der Name FDP-Wissing.

Liberale Hochschulgruppen nutzen jedenfalls erfolgreich die Gunst der Stunde und organisieren an Unis Mehrheiten f√ºr die K√ºndigung der Semestertickets.","[{'text': '49Euroticket', 'indices': [7, 20]}]",1612699544361345025
2023-01-10 05:26:27+00:00,"K√ºndigt man sein #49euroticket im ersten Jahr, wird eine Bearbeitungsgeb√ºhr von 30 Euro anfallen. 
Genauso viel zahlt der Besitzer eines BMW X5 um ein ganzes Jahr in M√ºnchen zu parken. (Jeder f√ºnfte Pkw in MUC ist ein SUV). @spdmuenchen #autohass","[{'text': '49euroticket', 'indices': [17, 30]}]",1612682258732777472
2023-01-10 00:36:42+00:00,"@mue_re Jo und die @fdp macht munter mit: Kein #9EuroTicket, kein #Boellerverbot, kein #Tempolimit, keine Aufkl√§rung von #CumEx, kein massiver Ausbau von EE. Daf√ºr Blockadehaltung und fossile Politik. #FDPmachtkrankundarm #FDPrausausderRegierung","[{'text': '9EuroTicket', 'indices': [47, 59]}, {'text': 'Boellerverbot', 'indices': [66, 80]}, {'text': 'Tempolimit', 'indices': [87, 98]}]",1612609342284472320
2023-01-10 00:11:43+00:00,"@Wissing @fdp Wieso muss das Deutschlandticket digital sein!?
Warum nicht ein #9EuroTicket, das jeder automatisch bekommt. Dann braucht man gar kein Ticket mehr.","[{'text': '9EuroTicket', 'indices': [78, 90]}]",1612603052913209344
2023-01-09 22:31:39+00:00,"@forthy42 @AufstandLastGen Mhm, ich bin noch unschl√ºssig ob ich das #Tempolimit oder das #9EuroTicket f√ºr wirksamer halte, das Weltklima zu √§ndern. Aber zumindest in Deutschland sollte sich damit eine weitere Erderw√§rmung aufhalten lasse, immerhin‚Ä¶.","[{'text': 'Tempolimit', 'indices': [68, 79]}, {'text': '9EuroTicket', 'indices': [89, 101]}]",1612577872962621442
2023-01-09 20:47:16+00:00,Ganz ehrlich ich vermisse das #9euroticket! üò© #hartaberfair,"[{'text': '9euroticket', 'indices': [30, 42]}, {'text': 'hartaberfair', 'indices': [46, 59]}]",1612551602941861901
2023-01-09 19:32:56+00:00,"@dr_dornanne @IAMMASCHO @AufstandLastGen @lastgen Auf jeden Fall! 

Ich kritisiere auch an der #LetztenGeneration, dass sie nur mit den absoluten Minimalforderungen #Tempolimit und #9euroticket in die Verhandlungen geht. 

Keinerlei Verhandlungsmasse dabei, ungeschickt.","[{'text': 'LetztenGeneration', 'indices': [95, 113]}]",1612532897285640193
2023-01-09 19:24:11+00:00,"@AufstandLastGen Wie viel Einfluss auf das Erdklima hat so ein #9euroticket ?
Sagen wir mal im Vergleich zu einem weiterbetreiben AKW, oder zu 200 geplanten chinesischen Kohlekraftwerken.

Bitte konkrete Zahlen, ansonsten kann ich euch nicht ernst nehmen.
Schlie√ülich sind wir #TeamWissenschaft","[{'text': '9euroticket', 'indices': [63, 75]}]",1612530696089640992
2023-01-09 16:54:55+00:00,"@astrids64755783 Die Forderungen nach #Tempolimit und #9euroticket wurden bisher nicht erf√ºllt.

Die Forderung nach dem Erhalt von #Luetzerath ergibt sich aus dem B√ºndnis #LuetzerathUnraeumbar, in dem die #LetzteGeneration neben vielen anderen Gruppen dabei ist.","[{'text': 'Tempolimit', 'indices': [38, 49]}, {'text': '9euroticket', 'indices': [54, 66]}]",1612493130212999168
2023-01-09 16:50:48+00:00,"@schorn_stephan Au√üerdem fliegt ja jeder Stein in Zeiten des Klimanotstands #F√ºrAlle, um auf den Todesmarsch in die H√∂llenglut der #Klimakatastrophe aufmerksam zu machen!
#9euroticket
#Tempolimit","[{'text': 'F√ºrAlle', 'indices': [76, 84]}]",1612492095050371076
2023-01-09 15:20:05+00:00,"Tag 397 der Ampelregierung

Konsumnahe Strafverfahren: 197.026
Entgangene Steuergelder: 5.120.770.274‚Ç¨

Das sind umgerechnet:

6 Monate #9EuroTicket
5.120.770 Grundeinkommen √† 1.000‚Ç¨
52 Eurofighter
72.33% des BER

#LegalisierungJetzt

Mehr Infos unter https://t.co/92UmSpEU6z",[],1612469263809265666
2023-01-09 14:33:13+00:00,"Statt #49EuroTicket dann also Verkehrsw√§nde.

Nein, das ist nicht falsch geschrieben.","[{'text': '49EuroTicket', 'indices': [6, 19]}]",1612457469917237253
2023-01-09 12:57:58+00:00,"@SandauMatthias @monacogreg71 @cem_oezdemir @Wissing Wir alle, Matthias, wir alle.

Au√üer den vielen Millionen Menschen, die mit einem kosteng√ºnstigen #9EuroTicket ebenso stressfrei einen gut ausgebauten √ñPNV nutzen. ;)",[],1612433500484820993
2023-01-09 12:19:08+00:00,H√§ufig genutzte Hashtags in deutschen Tweets im #9euroticket iin KW 01 2023. Gesamtzahl betrachteter Tweets im Hashtag: 120 erstellt von 91 unterschiedlichen Accounts https://t.co/UCn6YaorL6,"[{'text': '9euroticket', 'indices': [48, 60]}]",1612423727983071236
2023-01-09 12:18:53+00:00,H√§ufig genutzte Hashtags in deutschen Tweets im #49euroticket iin KW 01 2023. Gesamtzahl betrachteter Tweets im Hashtag: 58 erstellt von 46 unterschiedlichen Accounts https://t.co/zfjeMpLYXf,"[{'text': '49euroticket', 'indices': [48, 61]}]",1612423662430298114
2023-01-09 10:39:26+00:00,"Was m√∂chten eigentlich die Leute, die hierauf einwenden, dass Bildung L√§ndersache ist? Die L√§nder m√ºssen Dank Schuldenregeln bei jeden Gelegenheit um Minibetr√§ge feilschen (siehe #49EuroTicket). M√∂chte man jetzt seine Kinder in marode Schulen schicken oder nicht? https://t.co/ls2GF4K7Ri",[],1612398634653609987
2023-01-09 09:58:31+00:00,"ein neuer mitbewohner meiner #Blockhuette meinte ich soll mich nach #Russland ""verpissen"". da ich weder einen PKW besitze und das #9euroticket ja ums verrecken nicht eingef√ºhrt wird, hab ich die route mal zu fu√ü geplant. das ist mir echt zu anstrengend. #Putintroll ü§° https://t.co/lm1v4gIq1Z","[{'text': 'Blockhuette', 'indices': [29, 41]}, {'text': 'Russland', 'indices': [68, 77]}]",1612388338916380672
2023-01-09 09:46:27+00:00,"@AufstandLastGen Weder das #9EuroTicket brauchen wir noch #Tempolimit 100.
Geht zur√ºck in euer Loch. üëã","[{'text': '9EuroTicket', 'indices': [27, 39]}, {'text': 'Tempolimit', 'indices': [58, 69]}]",1612385300709314561
2023-01-09 09:16:07+00:00,"Wir schw√§rmen aus. #Berlin und #M√ºnchen sind schon seit Langem nicht mehr die einzigen Orte, in denen wir auf die Stra√üe gehen. Wir haben derweil in √ºber 60 St√§dten Gruppen gebildet.

Heute blockieren wir auch in #Mainz. Das #9EuroTicket und das #Tempolimit 100 braucht's √ºberall. https://t.co/FuxddegPXy","[{'text': 'Berlin', 'indices': [19, 26]}, {'text': 'M√ºnchen', 'indices': [31, 39]}]",1612377669215162368
2023-01-09 07:57:36+00:00,"Durch das online Portal besteht die M√∂glichkeit einen einfachen und vollst√§ndigen Einstieg in das (((eTicket, welches eine Voraussetzung f√ºr den Vertrieb des Deutschland Tickets ist.

#deutschlandticket #49euroticket #2023 #deutschland",[],1612357910423650305
2023-01-09 07:21:33+00:00,"Heute 19:00Uhr im W3 im oder Livestream - Podiumsdiskussion (4)9 Euro Ticket ein Anfang - wie geht's weiter? - Mobilit√§t f√ºr alle gew√§hrleisten!
Im W3, Nernstweg 32-34 Hamburg-Altona und im Livestream unter: https://t.co/EWgpi8Bqkk 
#Deutschlandticket #9EuroTicket #49EuroTicket https://t.co/ntEMeYRkMW",[],1612348838445973506
2023-01-09 07:07:01+00:00,"Die Strom- und #Gaspreisbremse soll ab M√§rz kommen und zu einer Entlastung f√ºhren. Das bundesweite #49EuroTicket soll ebenfalls eingef√ºhrt werden ‚Äì Bundesverkehrsminister @Wissing geht von einem Start im April aus.
24 √Ñnderungen listet @BIDeutschland auf.
https://t.co/nXfgZ8DlYV","[{'text': 'Gaspreisbremse', 'indices': [15, 30]}, {'text': '49EuroTicket', 'indices': [99, 112]}]",1612345178366349312
2023-01-09 03:56:45+00:00,"@TransdevDE @Nordlicht1435 F√ºr mich nicht finanzierbar.
#49euroticket #Deutschlandticket","[{'text': '49euroticket', 'indices': [56, 69]}, {'text': 'Deutschlandticket', 'indices': [70, 88]}]",1612297298192764929
2023-01-08 19:57:37+00:00,@ARD_BaB @FranziskaGiffey Wer bezahlt eigentlich das #9euroticket in Berlin oder die Kinderg√§rten for free w√§hren der Rest der Republik daf√ºr blecht? Doch nicht das Shithole Berlin selbst! Sauerei - Geldhahn zudrehen !,"[{'text': '9euroticket', 'indices': [53, 65]}]",1612176720853098498
2023-01-08 19:16:54+00:00,"@Perowinger94 @cem_oezdemir @c_lindner Wird genau so ein Rohrkrepierer wie #Gasumlage, #9euroticket, #uebergewinnsteuer, #wohnungsbau und weitere Flops der #GruenenInkompetenz.
Wetten?","[{'text': 'Gasumlage', 'indices': [75, 85]}, {'text': '9euroticket', 'indices': [87, 99]}]",1612166471735513089
2023-01-08 19:12:02+00:00,"@sascha_m_k @cem_oezdemir @Umwelthilfe Wird genau so ein Rohrkrepierer wie #Gasumlage, #9euroticket, #uebergewinnsteuer, #wohnungsbau und weitere Flops der #GruenenInkompetenz.
Wetten?","[{'text': 'Gasumlage', 'indices': [75, 85]}, {'text': '9euroticket', 'indices': [87, 99]}]",1612165247858622464
2023-01-08 17:19:16+00:00,"""Wenn die Aktionen wirklich so schlimm sind, frage ich mich, warum wir nicht einfach ihre Forderungen nach einem #Tempolimit und einem #9EuroTicket umsetzen? Das sind ja nicht wirklich radikale Forderungen.""

1/2

Mehr zur Verkehrswende:
https://t.co/1T5ZHqtnIS",[],1612136869348663296
2023-01-08 15:20:05+00:00,"Tag 396 der Ampelregierung

Konsumnahe Strafverfahren: 196.537
Entgangene Steuergelder: 5.108.082.752‚Ç¨

Das sind umgerechnet:

6 Monate #9EuroTicket
5.108.082 Grundeinkommen √† 1.000‚Ç¨
52 Eurofighter
72.15% des BER

#LegalisierungJetzt

Mehr Infos unter https://t.co/92UmSpEU6z",[],1612106876279201792
2023-01-08 14:46:49+00:00,"@RolandTichy Die #ichichich -Partei des Herrn #Lindner ist auch hier der grosse Verweigerer und bef√∂rdert #Klimakatastrophe u. #Klimakrise,sonst g√§be es l√§ngst ein #Tempolimit,ein #9euroticket u. zur Finanzierung eine #√úbergewinnsteuer. Stattdessen #AKW -Verl√§ngerung und #RWE -Geschenke. #FDP","[{'text': 'ichichich', 'indices': [17, 27]}, {'text': 'Lindner', 'indices': [46, 54]}]",1612098503248957441
2023-01-08 04:57:17+00:00,"@Wissing @fdp Aber @Wissing , bitte auch eine analoge Variante ber√ºcksichtigen. Ist erforderlich, um auch den Menschen in unserem Land die #Freiheit eines #49EuroTicket  zu geben, die kein Mobiltelefon bedienen k√∂nnen oder wollen.
@oekomobil #Basismobilit√§t",[],1611950143707676677
2023-01-08 00:09:30+00:00,"@mondschaf23 Das #9euroticket √§ndert nun was daran? Mein Verkehrsverbund brauch 50 Millionen alleine daf√ºr um das aktuell schlechte Angebot aufrecht erhalten zu k√∂nnen.
Mit dem Auto zur Arbeit hin und zur√ºck in 50 Minuten mit dem √ñPNV 3 Stunden und wir bezahlen 16‚Ç¨ f√ºr das Ticket,weil unser","[{'text': '9euroticket', 'indices': [17, 29]}]",1611877718894981122
2023-01-07 20:32:41+00:00,#Fahrscheinlos f√ºr alle! Das #49EuroTicket ist nur eine √úbergangsl√∂sung! #Berlinwahl #Berlin #PIRATEN https://t.co/riG2xpFI2j,"[{'text': 'Fahrscheinlos', 'indices': [0, 14]}, {'text': '49EuroTicket', 'indices': [29, 42]}, {'text': 'Berlinwahl', 'indices': [73, 84]}, {'text': 'Berlin', 'indices': [85, 92]}, {'text': 'PIRATEN', 'indices': [93, 101]}]",1611823155231825920
2023-01-07 18:22:44+00:00,@tweetministerin Ich verstehe. Aber #Eisf√ºrjeden kann auch nicht die L√∂sung sein. Das ist nicht im Sinne der M√§rkte. Eine gewisse Exklusivit√§t wird schon ben√∂tigt. Nachher verlangt der P√∂bel noch sowas wie ein #9EuroTicket. Da h√∂rt der Spa√ü dann wirklich auf.,"[{'text': 'Eisf√ºrjeden', 'indices': [36, 48]}]",1611790452339908608
2023-01-07 18:04:08+00:00,@reportkoeln War das der Kubicki? Gegen #9EuroTicket und #Tempolimit ist ja sowas von @fdp @fdpbt,"[{'text': '9EuroTicket', 'indices': [40, 52]}, {'text': 'Tempolimit', 'indices': [57, 68]}]",1611785772792942592
2023-01-07 16:51:53+00:00,"@anjes_tjarks Wo mobilit√§tswende #9EuroTicket ?
 Wo Klimaschutz #Luetzerathbleibt?ü§∑‚Äç‚ôÇÔ∏è","[{'text': '9EuroTicket', 'indices': [33, 45]}, {'text': 'Luetzerathbleibt', 'indices': [64, 81]}]",1611767590539481091
2023-01-07 15:49:28+00:00,"@Wissing @fdp ""Herzensprojekt""?? Hahaha, soll das ein Witz sein, wenn's das w√§re, warum ist es dann nicht l√§ngst da und wieso braucht's daf√ºr ein Jahr? Ging mit 9‚Ç¨-T doch auch ratzfatz!
Und wenn's dann nachher &gt;=100 ‚Ç¨ kostet, nutzt es eh nichts, das #49euroticket ist doch schon ein Witz!",[],1611751883730833408
2023-01-07 15:20:02+00:00,"Tag 395 der Ampelregierung

Konsumnahe Strafverfahren: 196.029
Entgangene Steuergelder: 5.094.879.916‚Ç¨

Das sind umgerechnet:

6 Monate #9EuroTicket
5.094.879 Grundeinkommen √† 1.000‚Ç¨
51 Eurofighter
71.96% des BER

#LegalisierungJetzt

Mehr Infos unter https://t.co/92UmSpEU6z",[],1611744477441400832
2023-01-07 15:10:36+00:00,"@Dioneira Ich habe aber insgesamt auch nur vier, f√ºnf Sachen gelesen. Diese waren sehr unterschiedlich, sodass der Vergleich schwer f√§llt. Am anspruchsvollsten war ‚ÄûV.‚Äú von Thomas Pynchon ‚Äì und das lief im Zug w√§hrend der #9EuroTicket-Zeit auch sehr gut.",[],1611742101443600384
2023-01-07 14:20:25+00:00,"@starkwatzinger Wie w√§rs denn,wenn Sie erst einmal hier auf der Erde mit #TempolimitJetzt f√ºr besseres Klima u. mit dem #9euroticket f√ºr mehr soziale Gerechtigkeit sorgen w√ºrden,statt mit ihrer #ichichich -Partei Fl√ºge zum Mars zu organisieren.Nur ne Idee. #FDPmachtkrankundarm #Klimakatastrophe","[{'text': 'TempolimitJetzt', 'indices': [73, 89]}]",1611729471375298567
2023-01-07 13:38:29+00:00,"Ich: Kann ich #9EuroTicket haben ?

#BRD: Nein, kein Geld daf√ºr.

Auch BRD: Zahlt j√§hrlich ettliche #Milliarden Euro #Entwicklungshilfe, unter anderem auch an China.

Und wers Bezahlt bist du. 

#Deutschlanddendeutschen","[{'text': '9EuroTicket', 'indices': [14, 26]}, {'text': 'BRD', 'indices': [36, 40]}, {'text': 'Milliarden', 'indices': [100, 111]}]",1611718921815740419
2023-01-07 13:08:13+00:00,"Wenn ihr wieder wie beim #9EuroTicket auf de Fahrradmitnahme schei√üt und das den einzelnen Verkehrsbetrieben wieder √ºberlasst, muss man halt eben in Zukunft doch weiterhin √ºber Waben, Zonen etc. nachdenken.
Das w√§re auch immense Ungleichheit.
In NRW pro Fahrt 5‚Ç¨, anderswo nix. https://t.co/wp1NRLXEFv","[{'text': '9EuroTicket', 'indices': [25, 37]}]",1611711305244631040
2023-01-07 13:08:09+00:00,"@Wissing @fdp Wenn ihr wieder wie beim #9EuroTicket auf de Fahrradmitnahme schei√üt und das den einzelnen Verkehrsbetrieben wieder √ºberlasst, muss man halt eben in Zukunft doch weiterhin √ºber Waben, Zonen etc. nachdenken.
Das w√§re auch immense Ungleichheit.
In NRW pro Fahrt 5‚Ç¨, anderswo nix.","[{'text': '9EuroTicket', 'indices': [39, 51]}]",1611711287058104320
2023-01-07 11:54:43+00:00,#nein üëé ihr zerst√∂rt die Zukunft #FDPunter5Prozent #Dreikoenigstreffen #Dreikoenigstag #AFDP #TempolimitJetzt #Tempolimit #9EuroTicket #Lindner #christianlindner https://t.co/g5U8Z8rbDB,"[{'text': 'nein', 'indices': [0, 5]}, {'text': 'FDPunter5Prozent', 'indices': [33, 50]}, {'text': 'Dreikoenigstreffen', 'indices': [51, 70]}, {'text': 'Dreikoenigstag', 'indices': [71, 86]}, {'text': 'AFDP', 'indices': [87, 92]}, {'text': 'TempolimitJetzt', 'indices': [93, 109]}]",1611692806518579204
2023-01-07 11:45:25+00:00,"Wenn man mit #FDP NICHT mal die Minimall√∂sungen f√ºr #Klimaschutz in üá©üá™ Deutschland hinbekommt, wie will man mit solch einer Partei gr√∂√üere L√∂sungen hierbei hinbekommen?!

Partei ist v√∂llig nutzlos!

#DieZukunftGlaubtAnUns #3k23 #Lindner #Tempolimit #9euroticket #letztegeneration https://t.co/uUTnFSTloa","[{'text': 'FDP', 'indices': [13, 17]}, {'text': 'Klimaschutz', 'indices': [52, 64]}]",1611690466424098816
2023-01-07 10:52:01+00:00,"Ich kann gar nicht sagen, an wie vielen Dingen die #FDPmachtkrankundarm (teils seit Jahrzehnten) festklebt, obwohl diese nachweislich Unfug sind‚Ä¶

#Tempolimit 
kein #9euroticket 
kein #Atomausstieg
#HartzIV 
keine #Energiewende 
‚Ä¶you name it! https://t.co/vzP66iMiiO https://t.co/yGNAxpd6ro","[{'text': 'FDPmachtkrankundarm', 'indices': [51, 71]}]",1611677028268269568
2023-01-07 10:47:28+00:00,"Bisher finde ich dazu nur wieder wie beim #9euroticket die Info, dass das wohl den einzelnen Betrieben √ºberlassen wird. Was pervers ist.
Im Rheinmaingebiet ist Radmitnahme kostenlos, in Berlin gibt es n Monatsticket f√ºr ca 10‚Ç¨, im Pott aber zahl ich  fast 5‚Ç¨ f√ºr n Radticket ü•≤ https://t.co/7P4ywcUJcu","[{'text': '9euroticket', 'indices': [42, 54]}]",1611675883063967744
2023-01-07 10:47:18+00:00,"@oliverrack Bisher finde ich dazu nur wieder wie beim #9euroticket die Info, dass das wohl den einzelnen Betrieben √ºberlassen wird. Was pervers ist.
Im Rheinmaingebiet ist Radmitnahme kostenlos, in Berlin gibt es n Monatsticket f√ºr ca 10‚Ç¨, im Pott aber zahl ich  fast 5‚Ç¨ f√ºr n Radticket ü•≤","[{'text': '9euroticket', 'indices': [54, 66]}]",1611675839959031815
2023-01-07 10:23:58+00:00,Wer #TempolimitJetzt und #9EuroTicket nicht ernst nimmt hat den Knall noch nicht geh√∂rt ü§¶üèº‚Äç‚ôÄÔ∏è https://t.co/18XE6ywqg7,"[{'text': 'TempolimitJetzt', 'indices': [4, 20]}, {'text': '9EuroTicket', 'indices': [25, 37]}]",1611669969292361732
2023-01-07 10:17:37+00:00,"@Wissing @fdp Wenn ihnen nur ein wenig an den √ñPNV und somit an der Abwendung der Klimakatastrophe gelegen w√§r, h√§tten sie das #9euroticket nicht eingestellt. Aber was erwarte ich von einem #Anwaltf√ºrAutofahrer .",[],1611668371954860034
2023-01-07 10:08:17+00:00,"DANN W√úRDE ICH HALT MAL DAF√úR SORGEN, DASS JEDER MENSCH IN JEDEM BERUF SO VIEL VERDIENT, DASS ER DAVON IN W√úRDE LEBEN KANN,  VERDAMMT NOCHMAL!!!!

#LindnerHasstArmeMenschen
#Gratismentalitaet
#9euroticket 
#PorscheGate 
#Buergergeld https://t.co/OXRm4NMgKl",[],1611666023324831746
2023-01-07 09:45:42+00:00,"Es geht bei @AufstandLastGen nicht darum, dass alle per Du sind und sich dann irgendwo festkleben.
Sondern ums politische HANDELN. Statt √ºber AKW-Verl√§ngerung oder Fusionsreaktor zu fabulieren, sollte die #FDP die Blockade von #Tempolimit und #9EuroTicket aufgeben.
2/2",[],1611660338910437376
2023-01-07 09:15:43+00:00,"Ich war wirklich √ºberrascht von dem Gewinn der Deutschen Bahn wegen des #9EuroTicket 

Das kann ja nur 2 Dinge bedeuten:
- Dies ist keine Vollkosten, sondern eine Vollpfostenrechnung (vulgo Subvention) 
- Die Bahn gibt zu wenig aus, wenn 9 Eur pro Monat profitabel sind!","[{'text': '9EuroTicket', 'indices': [72, 84]}]",1611652792099409921
2023-01-07 09:10:25+00:00,"@Wissing @fdp Dann k√∂nnen Sie ja schnellstm√∂glich das #9euroticket wieder im #√ñPNV reanimieren und durch die #√úbergewinnsteuer gegenfinanzieren, die ihr Freund #Lindner einf√ºhrt. So machen es die Spanier. Das w√§re mir eine Herzensangelegenheit. #FDPunter5Prozent #Wissing","[{'text': '9euroticket', 'indices': [54, 66]}, {'text': '√ñPNV', 'indices': [77, 82]}]",1611651459044499456
2023-01-07 08:35:29+00:00,"Ein solches #Deutschlandticket funktioniert aber nur, wenn der Bund auch den Ausbau von √ñPNV und Bahn-Netz bundesweit finanziert. Und hey: Das #9EuroTicket ist im September ausgelaufen, da w√§re genug Zeit gewesen, die Nachfolge zum 01.01. zu kl√§ren. #Wissing https://t.co/KGFcTHbMVP","[{'text': 'Deutschlandticket', 'indices': [12, 30]}]",1611642667401875458
2023-01-07 08:30:01+00:00,@olafinderbeek @c_lindner @fdp Ihr setzt doch gar nichts um. #Tempolimit und #9EuroTicket sind schon zu schwer f√ºr euch. FDP blockiert Klimaschutz #wirallesinddieletztegeneration,"[{'text': 'Tempolimit', 'indices': [61, 72]}, {'text': '9EuroTicket', 'indices': [77, 89]}]",1611641293699940353
2023-01-07 08:07:14+00:00,"@krakentag @krusehamburg @DjirSarai @fdp Es gibt Hinweise darauf, dass das #9EuroTicket klimasch√§dlich ist und sogar den kompletten, aber sehr geringen Effekt eines #Tempolimit's zunichte machen k√∂nnte.","[{'text': '9EuroTicket', 'indices': [75, 87]}]",1611635559297912835
2023-01-07 08:06:32+00:00,"@olafinderbeek @c_lindner @fdp Wer von sich behauptet, mit #Genscher 1986 das @BMUV quasi ERFUNDEN zu haben, behauptet 37 Jahre sp√§ter auch von sich, beim #Klimaschutz MEHR als #Tempolimit und #9EuroTicket zu bieten. Eigenlob stinkt.
#Gratismentalit√§t https://t.co/qANmSQ62Xo","[{'text': 'Genscher', 'indices': [59, 68]}]",1611635382331867136
2023-01-07 06:24:00+00:00,"Wie w√§re es statt leeren Worten mit konkreten Ma√ünahmen um #sozialeTeilhabe f√ºr alle zu erm√∂glichen und so Menschen aus ihrer #Einsamkeit zu holen.
Bspw. durch h√∂heres #Buergergeld, #9euroticket, echte #Inklusion etc...
Die Menschen haben Besseres verdient.","[{'text': 'sozialeTeilhabe', 'indices': [59, 75]}]",1611609577635602432
2023-01-07 05:00:22+00:00,"@krusehamburg @DjirSarai @fdp Fangt mit #Tempolimit und #9EuroTicket an. Ist easy. Zeigt, dass ihr es ernst meint und nicht an Zauberei glaubt!","[{'text': 'Tempolimit', 'indices': [40, 51]}, {'text': '9EuroTicket', 'indices': [56, 68]}]",1611588532505567233
2023-01-07 04:40:34+00:00,@ZDFnrw Wann #Tempolimit und #9EuroTicket?,"[{'text': 'Tempolimit', 'indices': [13, 24]}, {'text': '9EuroTicket', 'indices': [29, 41]}]",1611583549567799296
2023-01-07 00:05:20+00:00,"@c_lindner Schade das sie den Fortschritt nicht mit ausbauen sondern ausbremsen.
#AKWneinDanke #Fortschritt #EE 
#Cannabis #KlarerKopfKlareRegeln
#Paragraph29b #EntkriminalisierungSofort 
#49EuroTicket umsetzen.
CO2 einsparen durch #Tempolimit120","[{'text': 'AKWneinDanke', 'indices': [81, 94]}, {'text': 'Fortschritt', 'indices': [95, 107]}, {'text': 'EE', 'indices': [108, 111]}]",1611514285758324740
2023-01-06 22:59:39+00:00,"@c_lindner Die junge Generation will einen bewohnbaren Planeten. #9EuroTicket 
#TempolimitJetzt","[{'text': '9EuroTicket', 'indices': [65, 77]}, {'text': 'TempolimitJetzt', 'indices': [79, 95]}]",1611497754643021825
2023-01-06 22:27:26+00:00,"@Wissing @fdp #9EuroTicket
#TempolimitJetzt

Hopp Hopp, Zeit l√§uft!","[{'text': '9EuroTicket', 'indices': [14, 26]}, {'text': 'TempolimitJetzt', 'indices': [27, 43]}]",1611489646051041283
2023-01-06 19:55:00+00:00,"@pinf2000 @c_lindner @Bundesagentur Bin mal gespannt,wie Herr #Lindner  das erkl√§ren will?Wenn ihm daran viel liegen w√ºrde,h√§tte er es wohl beim dauerhaften #9EuroTicket belassen. Und w√ºrde #Azubi|s und deren #ArmTrotzArbeit|Eltern nicht noch bestrafen, weil sie einer #Ausbildung nachgehen.
#KannsteNichtErfinden.ü§¶","[{'text': 'Lindner', 'indices': [62, 70]}]",1611451286112575538
2023-01-06 19:22:52+00:00,@cem_oezdemir ... jetzt gehst Du an deinen Schreibtisch u setzt eine Klimagerechte Politik um. #Tempolimit #9EuroTicket jetzt,"[{'text': 'Tempolimit', 'indices': [95, 106]}, {'text': '9EuroTicket', 'indices': [107, 119]}]",1611443198454337567
2023-01-06 18:42:13+00:00,"#Tempolimit und #9EuroTicket sind nicht die einzigen Ma√ünahmen,  aber die, die einfach umzusetzen sind und die langersehnte #Verkehrswende einl√§uten k√∂nnten https://t.co/GVSTFGpGGI","[{'text': 'Tempolimit', 'indices': [0, 11]}, {'text': '9EuroTicket', 'indices': [16, 28]}]",1611432969733869596
2023-01-06 17:13:47+00:00,"Das Schwitzen des #Lindner bei #Dreikoenigstreffen macht deutlich, die #FDP muss weg #Tempolimit #9Euroticket und nein ‚ÄºÔ∏è#LetztenGeneration hat besseres zu tun, als sich bei Euch festzukleben zudem m√∂chten wir leben: 171 #Coronatote t√§glich in D ‚Ä¶mit #buschmann immer mehr ü§¢ https://t.co/cxuuT7MMry","[{'text': 'Lindner', 'indices': [18, 26]}, {'text': 'Dreikoenigstreffen', 'indices': [31, 50]}, {'text': 'FDP', 'indices': [71, 75]}, {'text': 'Tempolimit', 'indices': [85, 96]}, {'text': '9Euroticket', 'indices': [97, 109]}]",1611410713381163008
2023-01-06 16:15:53+00:00,Ist das eine gute Idee? Was meint ihr? https://t.co/6YrNVFfkUg #Armutsbetroffen #9euroticket #HartzIV,"[{'text': 'Armutsbetroffen', 'indices': [63, 79]}, {'text': '9euroticket', 'indices': [80, 92]}, {'text': 'HartzIV', 'indices': [93, 101]}]",1611396141672693762
2023-01-06 15:33:17+00:00,"@olafinderbeek @c_lindner @fdp Wir w√ºrden uns ja freuen, wenn de @fdp  als Teil der @BundesregDE endlich handeln w√ºrden - und nicht weiter labern!!!
#TempolimitJetzt und #9EuroTicket w√§ren aber schon mal en super beginn!!!
Dann Ausbau der #EE und weiteres!!!

Besser richtig regieren, als gar nicht!!!",[],1611385423368187905
2023-01-06 15:20:03+00:00,"Tag 394 der Ampelregierung

Konsumnahe Strafverfahren: 195.542
Entgangene Steuergelder: 5.082.208.835‚Ç¨

Das sind umgerechnet:

6 Monate #9EuroTicket
5.082.208 Grundeinkommen √† 1.000‚Ç¨
51 Eurofighter
71.78% des BER

#LegalisierungJetzt

Mehr Infos unter https://t.co/92UmSpEU6z",[],1611382092151103490
2023-01-06 14:21:50+00:00,"@olafinderbeek @c_lindner @fdp Wenn #Tempolimit &amp; #9euroticket das einzige w√§ren, was Klimaaktivisten zu bieten haben, dann h√§tten sie immerhin schon mal zwei Sachen mehr als #Wissing #Lindner und die ganze #FDP zusammen zum Thema #Klimaschutz","[{'text': 'Tempolimit', 'indices': [36, 47]}, {'text': '9euroticket', 'indices': [54, 66]}]",1611367440813854720
2023-01-06 13:40:58+00:00,"Verkehrsverb√ºnde tun alles trotz #49EuroTicket viele komplizierte Erg√§nzungstickets zu kreieren. Hauptsache Aufwand f√ºr Tarife, Automaten, Kontrolleure bleibt. Zum Schaden der √ñPNV Nutzer u. der Steuerzahler allgemein. #verkehrswende geht anders. 
@Oliver_Krischer @VDV_Verband","[{'text': '49EuroTicket', 'indices': [33, 46]}]",1611357156598480896
2023-01-06 13:09:22+00:00,"@olafinderbeek @c_lindner @fdp Sorry, Klimaaktivist*innen haben viel mehr zu bieten als das. #Tempolimit und #9euroticket sind nur das Mindeste, um leichte &amp; schnelle Erfolge zu erreichen. Der Ausbau der Erneuerb. muss schneller gehen, Wissenschaftler*innen wie @VQuaschning &amp; @CKemfert sagen klar wie schnell.","[{'text': 'Tempolimit', 'indices': [93, 104]}]",1611349205179588608
2023-01-06 13:04:01+00:00,"Warum #DiePartei? Wegen #BerichtAusBr√ºssel #9EuroTicket #EuropaNichtDenLeyen√úberlassen #BerlinNichtDenLaien√úberlassen. Dank dem Dank geb√ºhrt. Daher alle Stimmen f√ºr #MartinSonneborn, dem die BerlinerInnen √ºberhaupt die #BerlinWahlen2023 zu verdanken haben 
https://t.co/GdQ0ZRq3Z7 https://t.co/A9FWWQoUkN","[{'text': 'DiePartei', 'indices': [6, 16]}, {'text': 'BerichtAusBr√ºssel', 'indices': [24, 42]}, {'text': '9EuroTicket', 'indices': [43, 55]}, {'text': 'EuropaNichtDenLeyen√úberlassen', 'indices': [56, 86]}]",1611347857159643137
2023-01-06 12:40:19+00:00,"@olafinderbeek @c_lindner @fdp Das ist ein ziemlich dummer Konter, da es beim #9euroticket auch um die Mobilit√§t derer geht, die sich Autos oder teure Bahntickets nicht leisten k√∂nnen.
Wie blau√§ugig kann man das sehen?","[{'text': '9euroticket', 'indices': [78, 90]}]",1611341893195161603
2023-01-06 12:33:52+00:00,"@olafinderbeek @c_lindner @fdp Sie haben die @AufstandLastGen und die Dringlichkeit von konsequentem Klimaschutz einfach NICHT VESTANDEN!
#Tempolimit &amp; #9euroticket sind erste einfach &amp; schnell einf√ºhrbare Schritte.
Es geht um das Einhalten von Gesetzen und Vertr√§gen
BVG Fr√ºhjahr 2021, Pais, Klimaschutzgesetz https://t.co/tIHJt7w7Ui",[],1611340269424721922
2023-01-06 12:24:20+00:00,"@c_lindner @fdp Herzensangelegenheiten:

#Tempolimit und zwar lieber 120 als 130, 30 in St√§dten
#Maskenpflicht in Innenr√§umen (√ñPNV &amp; Fl√ºge)
#Fahrrad Infrastruktur
#Container auf die Schiene
In die #Bahn investieren
#9euroticket","[{'text': 'Tempolimit', 'indices': [41, 52]}, {'text': 'Maskenpflicht', 'indices': [96, 110]}]",1611337870291214337
2023-01-06 12:24:17+00:00,Die #K√∂lner Hahnenstra√üe ist in beide Richtungen blockiert f√ºr die Forderungen #Tempolimit 100 km/h und #9EuroTicket f√ºr alle. https://t.co/LjWKeJVcET,"[{'text': 'K√∂lner', 'indices': [4, 11]}, {'text': 'Tempolimit', 'indices': [79, 90]}]",1611337858211799042
2023-01-06 12:13:09+00:00,"Arrogant, abgehoben, inkompetent: #Lindner macht sich √ºber #letztegeneration lustig (""Gr√ºndet eine Partei""). Damit verdeutlicht er, dass er die Bedrohung durch die #Klimakrise nicht ansatzweise verstanden hat. #Tempolimit #9EuroTicket #klimakatastrophe https://t.co/dfmGPmwRcn https://t.co/d2uZX0EXBB","[{'text': 'Lindner', 'indices': [34, 42]}, {'text': 'letztegeneration', 'indices': [59, 76]}]",1611335057142345729
2023-01-06 12:08:40+00:00,"Liebe @SBahnBerlin, liebe @DB_Bahn, liebe @BVG_Kampagne,
d√ºrfen wir mit dem #29euroticket innerhalb der Tarifzone AB + Anschlussfahrt C IC¬¥s mit einem RE-Label nutzen, um zum Flughafen #BER zu kommen oder wird das wie beim #9euroticket ausgeschlossen?","[{'text': '29euroticket', 'indices': [76, 89]}]",1611333930669510656
2023-01-06 12:06:47+00:00,"@c_lindner @fdp Die FDP ist in einer Krise.
Mit Blick auf die aktuelle Situation ist sie ein Totalausfall.
#Tankrabatt
gegen #9EuroTicket
f√ºr #Atomkraft
#Wirtschaft zuerst
#Freiheit den Reichen
#Porsche #OliverBlume
#Hotelsteuer",[],1611333456382001153
2023-01-06 12:01:53+00:00,"@olafinderbeek @c_lindner @fdp Klimaaktivist:innen haben noch viel mehr zu bieten. Aber es w√§re halt sch√∂n, wenn man mal irgendwo anf√§ngt und da sind #Tempolimit und #9euroticket genau das Richtige. Die omin√∂sen Zukunftsklimatechnologien der FDP m√ºssen ja erst noch erfunden werden.",[],1611332222102929410
2023-01-06 11:53:45+00:00,"Wenn Politiker nich nicht mal etwas wie das #9euroticket hinbekommen, aber nach gr√∂√üeren Forderungen und damit Aufgaben fragen, dann kann man deren Willen Dinge ernsthaft erreichen zu wollen kaum ernst nehmen.
Erst die laufen lernen, dann rennen.
#3K23 https://t.co/W2SlGxhC9h","[{'text': '9euroticket', 'indices': [44, 56]}]",1611330173563027457
2023-01-06 11:47:31+00:00,"Wenn #Tempolimit &amp; #9euroticket das einzige sind, was Klimaaktivisten zu bieten haben, dann kann man deren Proteste kaum ernst nehmen. Guter Konter von @c_lindner zu den St√∂rern beim #3K23. Wir haben nicht nur beim #Klimaschutz mehr zu bieten. #DieZukunftGlaubtAnUns @fdp","[{'text': 'Tempolimit', 'indices': [5, 16]}, {'text': '9euroticket', 'indices': [23, 35]}]",1611328604922863617
2023-01-06 11:47:06+00:00,"@DennisKBerlin Und die Prognosen meiner Kindheit waren eher Unwetterkatastrophen und nicht kein Schnee, aber hierauf muss sich die Menschheit vorbereiten, eben auch f√ºr zuk√ºnftige Generationen, anstatt #9euroticket Ausbau des √ñPNV üôÑ 
Dann Einf√ºhrung des Mobilit√§tsbeitrag in H√∂he von 21‚Ç¨",[],1611328499612098563
2023-01-06 11:00:06+00:00,"@c_lindner @fdp Da h√§tten wir f√ºr 's erste:

#Tempolimit
#9EuroTicket
#FDPrausausderRegierung","[{'text': 'Tempolimit', 'indices': [45, 56]}, {'text': '9EuroTicket', 'indices': [57, 69]}, {'text': 'FDPrausausderRegierung', 'indices': [70, 93]}]",1611316674338201601
2023-01-06 10:52:58+00:00,"@holgi naja, wenn die auch alle v√∂llig unn√∂tig und aus jux durch die gegend fahren, nur weil es so sch√∂n billig ist, muss man sich nicht wundern üò§ #9euroticket",[],1611314880463736835
2023-01-06 10:52:45+00:00,"@PapkeGerhard Wenn das so w√§re, h√§tte ich mir Anfang des Jahres das #9euroticket gekauft.","[{'text': '9euroticket', 'indices': [68, 80]}]",1611314824247402496
2023-01-06 10:37:32+00:00,"0-Euro-Ticket in #Schwetzingen #Kleinstaaterei bei den Tickets
#49EuroTicket verz√∂gert sich
Hei√üt das, wenn viele Leute regionale Tickets haben, ist die Nachfrage nach dem deutschandweiten Ticket entspr. gering? https://t.co/sS0DLrfIQy","[{'text': 'Schwetzingen', 'indices': [17, 30]}, {'text': 'Kleinstaaterei', 'indices': [31, 46]}, {'text': '49EuroTicket', 'indices': [63, 76]}]",1611310994923331584
2023-01-06 10:26:14+00:00,"Je mehr Menschen den #√ñPNV nutzen, desto geringer sind die die Profite von Auto- und Mineral√∂lkonzernen. 
Deshalb wird das #9EuroTicket nicht fortgesetzt, deshalb dauert ein Folgeticket viele Monate! Der #Autostaat l√§sst nicht mit sich spa√üen. https://t.co/qTJpHwZq6a https://t.co/JoFjU2ADT2","[{'text': '√ñPNV', 'indices': [21, 26]}]",1611308151831396354
2023-01-06 10:20:47+00:00,"@dielinkeberlin @klauslederer Dass du dich nach mehreren Tagen der Kritik an der Umsetzung des #Sozialticket &amp; welche Schwierigkeiten die Betroffenen damit haben, f√ºr das #9EuroTicket feierst, @klauslederer, anstatt hier mal f√ºr Wahrheit &amp; Klarheit zu sorgen, stimmt einen echt ratlos.
https://t.co/oMXoKlW6ba","[{'text': 'Sozialticket', 'indices': [95, 108]}]",1611306777521410048
2023-01-06 10:06:11+00:00,"@ZDFheute ....und dennoch gibt es noch immer Menschende:Innen die noch leugnen, dass das #9euroticket dies h√§tte verhindern k√∂nnen.....
#Klimakrise
#Klimakatastrophe
#Klimah√∂lle
#Klimaapokalypse
#Klimaarmageddon","[{'text': '9euroticket', 'indices': [89, 101]}]",1611303105290768385
2023-01-06 09:42:21+00:00,"@SvenHillenkamp Ich denke, dass das Problembewusstsein l√§ngst existiert und die Politik das M√∂gliche tut. Aber (Beispiel): Der Ausbau und Umbau eines √∂ffentlichen Verkehrssystems l√§sst sich definitiv nicht durch das Ankleben auf Stra√üen und die Forderung ¬ª#9euroticket SOFORT¬´ beschleunigen.",[],1611297105351417856
2023-01-06 08:59:17+00:00,"@haagfdp @c_lindner @fdp Ihr kommt auch nicht an einem schnellen Ausbau und einer attraktiveren Gestaltung des √ñPNV (#9euroticket) nicht vorbei, wenn es euch wirklich um Klimaneutralit√§t geht. Macht endlich eure Arbeit!",[],1611286270726270979
2023-01-06 08:38:05+00:00,"@welt Deutschland als ein Hauptverursacher der #Klimakrise tr√§gt hierf√ºr die alleinige Verantwortung! Nur wenn jetzt sofort das #9euroticket kommt, w√§re dies noch zu verhindern!!","[{'text': 'Klimakrise', 'indices': [47, 58]}]",1611280933159591936
2023-01-06 08:27:05+00:00,"@c_lindner @fdp #Tempolimit 
#Verm√∂genssteuer
#AbschaffungDienstwagenprivileg
#Erbschaftssteuerreform
#BesteuerungFlugkerosin
#LegalisierungCannabis
#KorrekturTHCGrenze imStra√üenverkehr auf 10ng
#AusbauOEPNV
#9EuroTicket","[{'text': 'Tempolimit', 'indices': [16, 27]}, {'text': 'Verm√∂genssteuer', 'indices': [29, 45]}, {'text': 'AbschaffungDienstwagenprivileg', 'indices': [46, 77]}, {'text': 'Erbschaftssteuerreform', 'indices': [78, 101]}]",1611278167045722112
2023-01-06 04:42:44+00:00,"@sixtus Leider nein
Ist ja nun alles gekl√§rt
Musk ja brav ja gesagt und tut alles was Wissing sagt ....
Sch√∂n...
Die deutschen B√ºrgerInnen haben nicht soviel Gl√ºck
#Tempolimit
#DB
#9euroticket",[],1611221706013655040
2023-01-05 21:25:11+00:00,"@bj_meine analysiert massive Probleme im Mitteldeutschen S-Bahn-Netz; Die eigentlichen Probleme kommen dabei erst noch. Die #Verkehrswende,das #49EuroTicket f√ºhren besonders aus dem Umland zu mehr Bedarf an Infrastruktur, Fahrzeugen und Personal  https://t.co/r3XTYWlGVo via @LVZ",[],1611111592791347206
2023-01-05 20:13:26+00:00,"Geil, ausgerechnet in dem Jahr, in dem ich mein Studium beenden werde, kommt das #49EuroTicket, damit ich weiterhin eine Fahrkarte habe - und das #Buergergeld üòúüòÅ.","[{'text': '49EuroTicket', 'indices': [81, 94]}]",1611093536262217735
2023-01-05 18:18:11+00:00,#Tempolimit #9euroticket sofort! #Klimakatastrophe https://t.co/jE1RZVDOu7,"[{'text': 'Tempolimit', 'indices': [0, 11]}, {'text': '9euroticket', 'indices': [12, 24]}, {'text': 'Klimakatastrophe', 'indices': [33, 50]}]",1611064531773698048
2023-01-05 17:07:26+00:00,"@stefandraschan @Wissing @AgoraEW @agoraverkehr @Katharina_Hartz @C_Hochfeld @WiebkeZimmer @meyerkerst @parents4future @sciforfuture @VCDeV @greenpeace_de Das #49EuroTicket kann klimapolitisch durchaus Effekte haben, aber daf√ºr braucht es eine ambitionierte #Verkehrswende in vielen Bereichen.",[],1611046729960259607
2023-01-05 16:19:53+00:00,"Wenn Deutschland seine Klimaziele erreichen soll, m√ºssen die #Gr√ºnen aufh√∂ren mit Sonntagsreden, die #afdp einnorden und endlich im Bund und in NRW die Politik machen, f√ºr die sie gew√§hlt wurden. Von #Luetzerath bis #9euroticket √ºber #kerosinsteuer. @Ricarda_Lang please Act‚ÄºÔ∏è https://t.co/ogbqz9R8X2","[{'text': 'Gr√ºnen', 'indices': [61, 68]}, {'text': 'afdp', 'indices': [101, 106]}]",1611034764084903938
2023-01-05 15:43:26+00:00,"@RaphaelThelen Die letzte Generation klebt sich an um #9euroticket zu fordern und ein #Tempolimit zu fordern, eine andere Botschaft habe ich nicht gewonnen aus den letzten Monaten, das #9euroticket ist eine Katastrophe f√ºr den √ñPNV, die preise sind jetzt gestiegen und m√ºssen weiter steigen,","[{'text': '9euroticket', 'indices': [54, 66]}, {'text': 'Tempolimit', 'indices': [86, 97]}]",1611025589279887360
2023-01-05 15:20:03+00:00,"Tag 393 der Ampelregierung

Konsumnahe Strafverfahren: 195.010
Entgangene Steuergelder: 5.068.395.891‚Ç¨

Das sind umgerechnet:

6 Monate #9EuroTicket
5.068.395 Grundeinkommen √† 1.000‚Ç¨
51 Eurofighter
71.59% des BER

#LegalisierungJetzt

Mehr Infos unter https://t.co/92UmSpEU6z",[],1611019705141051398
2023-01-05 15:06:20+00:00,"@acv_de @Wissing Seinen Job allgemein, w√§re super anstatt die Kompetenzen auf andere zu schieben.
#KlarerKopfKlareRegeln
#Cannabis w√§re ja schon mal prima.
#49EuroTicket ist auch l√§ngst √ºberf√§llig.
#Tempolimit um CO2 einzusparen. 

Und dann fragen die sich von der @fdp, warum m√∂gen die uns nicht.",[],1611016250532020228
